seed,size,mode,policy,reason,solverAttempts,timeoutChecks,viableTemplates,validationErrors,qualityErrors
"1","11","ar_to_en","approved-only","solver_deadline_observed_root_cause_unestablished","48","52","24","[]","[]"
"1","13","ar_to_en","approved-only","solver_deadline_observed_root_cause_unestablished","146","38","24","[]","[]"
"2","11","en_to_ar","approved-only","solver_deadline_observed_root_cause_unestablished","2","60","6","[]","[]"
"2","11","ar_to_en","approved-only","solver_deadline_observed_root_cause_unestablished","64","51","24","[]","[]"
"2","13","en_to_ar","approved-only","solver_deadline_observed_root_cause_unestablished","2","57","6","[]","[]"
"2","13","ar_to_en","approved-only","solver_deadline_observed_root_cause_unestablished","151","44","24","[]","[]"
"3","11","ar_to_en","approved-only","solver_deadline_observed_root_cause_unestablished","52","57","24","[]","[]"
"3","13","en_to_ar","approved-only","solver_deadline_observed_root_cause_unestablished","2","34","6","[]","[]"
"3","13","ar_to_en","approved-only","solver_deadline_observed_root_cause_unestablished","142","43","24","[]","[]"
"4","13","ar_to_en","approved-only","solver_deadline_observed_root_cause_unestablished","149","41","24","[]","[]"
"5","11","en_to_ar","approved-only","solver_deadline_observed_root_cause_unestablished","2","19","6","[]","[]"
"5","11","ar_to_en","approved-only","solver_deadline_observed_root_cause_unestablished","56","63","24","[]","[]"
"5","13","en_to_ar","approved-only","solver_deadline_observed_root_cause_unestablished","2","74","6","[]","[]"
"5","13","ar_to_en","approved-only","solver_deadline_observed_root_cause_unestablished","165","41","24","[]","[]"
"6","11","en_to_ar","approved-only","solver_deadline_observed_root_cause_unestablished","2","49","6","[]","[]"
"6","11","ar_to_en","approved-only","solver_deadline_observed_root_cause_unestablished","46","61","24","[]","[]"
"6","13","en_to_ar","approved-only","solver_deadline_observed_root_cause_unestablished","2","65","6","[]","[]"
"6","13","ar_to_en","approved-only","solver_deadline_observed_root_cause_unestablished","150","38","24","[]","[]"
"7","11","ar_to_en","approved-only","solver_deadline_observed_root_cause_unestablished","49","50","24","[]","[]"
"7","13","ar_to_en","approved-only","solver_deadline_observed_root_cause_unestablished","110","43","24","[]","[]"
"8","13","en_to_ar","approved-only","solver_deadline_observed_root_cause_unestablished","2","63","6","[]","[]"
"8","13","ar_to_en","approved-only","solver_deadline_observed_root_cause_unestablished","118","45","24","[]","[]"
"8","13","ar_to_en","compatibility","solver_deadline_observed_root_cause_unestablished","24","147","24","[]","[]"
"9","11","en_to_ar","approved-only","solver_deadline_observed_root_cause_unestablished","2","38","6","[]","[]"
"9","11","ar_to_en","approved-only","solver_deadline_observed_root_cause_unestablished","47","48","24","[]","[]"
"9","13","en_to_ar","approved-only","solver_deadline_observed_root_cause_unestablished","2","41","6","[]","[]"
"9","13","ar_to_en","approved-only","solver_deadline_observed_root_cause_unestablished","153","44","24","[]","[]"
"10","11","ar_to_en","approved-only","solver_deadline_observed_root_cause_unestablished","52","60","24","[]","[]"
"10","13","ar_to_en","approved-only","solver_deadline_observed_root_cause_unestablished","128","46","24","[]","[]"
"11","11","en_to_ar","approved-only","solver_deadline_observed_root_cause_unestablished","2","42","6","[]","[]"
"11","11","ar_to_en","approved-only","solver_deadline_observed_root_cause_unestablished","42","68","24","[]","[]"
"11","13","en_to_ar","approved-only","solver_deadline_observed_root_cause_unestablished","2","62","6","[]","[]"
"11","13","ar_to_en","approved-only","solver_deadline_observed_root_cause_unestablished","182","39","24","[]","[]"
"12","11","en_to_ar","approved-only","solver_deadline_observed_root_cause_unestablished","2","47","6","[]","[]"
"12","13","ar_to_en","approved-only","solver_deadline_observed_root_cause_unestablished","132","41","24","[]","[]"
"13","9","en_to_ar","approved-only","solver_deadline_observed_root_cause_unestablished","2","38","6","[]","[]"
"13","11","ar_to_en","approved-only","solver_deadline_observed_root_cause_unestablished","49","52","24","[]","[]"
"13","13","ar_to_en","approved-only","solver_deadline_observed_root_cause_unestablished","121","45","24","[]","[]"
"14","11","en_to_ar","approved-only","solver_deadline_observed_root_cause_unestablished","2","45","6","[]","[]"
"14","11","en_to_ar","compatibility","solver_deadline_observed_root_cause_unestablished","2","68","6","[]","[]"
"14","13","en_to_ar","approved-only","solver_deadline_observed_root_cause_unestablished","2","44","6","[]","[]"
"14","13","ar_to_en","approved-only","solver_deadline_observed_root_cause_unestablished","151","42","24","[]","[]"
"15","13","ar_to_en","approved-only","solver_deadline_observed_root_cause_unestablished","123","43","24","[]","[]"
"16","9","ar_to_en","approved-only","solver_deadline_observed_root_cause_unestablished","24","70","24","[]","[]"
"16","11","en_to_ar","approved-only","solver_deadline_observed_root_cause_unestablished","2","67","6","[]","[]"
"16","13","ar_to_en","approved-only","solver_deadline_observed_root_cause_unestablished","127","40","24","[]","[]"
"17","11","ar_to_en","approved-only","solver_deadline_observed_root_cause_unestablished","40","67","24","[]","[]"
"17","13","en_to_ar","compatibility","solver_deadline_observed_root_cause_unestablished","2","7","6","[]","[]"
"17","13","en_to_ar","approved-only","solver_deadline_observed_root_cause_unestablished","2","61","6","[]","[]"
"17","13","ar_to_en","approved-only","solver_deadline_observed_root_cause_unestablished","127","49","24","[]","[]"
"18","11","en_to_ar","approved-only","solver_deadline_observed_root_cause_unestablished","2","48","6","[]","[]"
"18","11","ar_to_en","approved-only","solver_deadline_observed_root_cause_unestablished","41","64","24","[]","[]"
"18","13","ar_to_en","approved-only","solver_deadline_observed_root_cause_unestablished","112","44","24","[]","[]"
"19","11","ar_to_en","approved-only","solver_deadline_observed_root_cause_unestablished","47","54","24","[]","[]"
"19","13","ar_to_en","approved-only","solver_deadline_observed_root_cause_unestablished","135","41","24","[]","[]"
"20","9","en_to_ar","approved-only","solver_deadline_observed_root_cause_unestablished","2","31","6","[]","[]"
"20","9","ar_to_en","approved-only","solver_deadline_observed_root_cause_unestablished","24","69","24","[]","[]"
"20","11","ar_to_en","approved-only","solver_deadline_observed_root_cause_unestablished","53","69","24","[]","[]"
"20","13","en_to_ar","approved-only","solver_deadline_observed_root_cause_unestablished","2","31","6","[]","[]"
"20","13","ar_to_en","approved-only","solver_deadline_observed_root_cause_unestablished","142","43","24","[]","[]"
"21","11","en_to_ar","approved-only","solver_deadline_observed_root_cause_unestablished","2","53","6","[]","[]"
"21","11","ar_to_en","approved-only","solver_deadline_observed_root_cause_unestablished","50","62","24","[]","[]"
"21","13","ar_to_en","approved-only","solver_deadline_observed_root_cause_unestablished","115","42","24","[]","[]"
"22","11","ar_to_en","approved-only","solver_deadline_observed_root_cause_unestablished","39","67","24","[]","[]"
"22","13","en_to_ar","approved-only","solver_deadline_observed_root_cause_unestablished","2","63","6","[]","[]"
"22","13","ar_to_en","approved-only","solver_deadline_observed_root_cause_unestablished","129","41","24","[]","[]"
"23","11","ar_to_en","approved-only","solver_deadline_observed_root_cause_unestablished","45","65","24","[]","[]"
"23","13","ar_to_en","approved-only","solver_deadline_observed_root_cause_unestablished","148","39","24","[]","[]"
"24","13","en_to_ar","approved-only","solver_deadline_observed_root_cause_unestablished","2","35","6","[]","[]"
"24","13","en_to_ar","compatibility","solver_deadline_observed_root_cause_unestablished","2","54","6","[]","[]"
"24","13","ar_to_en","approved-only","solver_deadline_observed_root_cause_unestablished","147","44","24","[]","[]"
"25","9","ar_to_en","approved-only","solver_deadline_observed_root_cause_unestablished","24","65","24","[]","[]"
"25","11","ar_to_en","approved-only","solver_deadline_observed_root_cause_unestablished","59","43","24","[]","[]"
"25","13","ar_to_en","approved-only","solver_deadline_observed_root_cause_unestablished","129","40","24","[]","[]"
"26","11","en_to_ar","approved-only","solver_deadline_observed_root_cause_unestablished","2","48","6","[]","[]"
"26","11","en_to_ar","compatibility","solver_deadline_observed_root_cause_unestablished","2","64","6","[]","[]"
"26","11","ar_to_en","approved-only","solver_deadline_observed_root_cause_unestablished","40","66","24","[]","[]"
"26","13","ar_to_en","approved-only","solver_deadline_observed_root_cause_unestablished","132","44","24","[]","[]"
"27","11","ar_to_en","approved-only","solver_deadline_observed_root_cause_unestablished","52","61","24","[]","[]"
"27","13","ar_to_en","approved-only","solver_deadline_observed_root_cause_unestablished","143","43","24","[]","[]"
"28","7","ar_to_en","approved-only","solver_deadline_observed_root_cause_unestablished","24","134","24","[]","[]"
"28","9","en_to_ar","approved-only","solver_deadline_observed_root_cause_unestablished","2","44","6","[]","[]"
"28","11","ar_to_en","approved-only","solver_deadline_observed_root_cause_unestablished","34","53","24","[]","[]"
"28","13","en_to_ar","approved-only","solver_deadline_observed_root_cause_unestablished","2","69","6","[]","[]"
"28","13","ar_to_en","approved-only","solver_deadline_observed_root_cause_unestablished","162","44","24","[]","[]"
"29","11","ar_to_en","approved-only","solver_deadline_observed_root_cause_unestablished","46","54","24","[]","[]"
"29","13","ar_to_en","approved-only","solver_deadline_observed_root_cause_unestablished","135","42","24","[]","[]"
"30","9","ar_to_en","approved-only","solver_deadline_observed_root_cause_unestablished","24","72","24","[]","[]"
"30","11","ar_to_en","approved-only","solver_deadline_observed_root_cause_unestablished","57","52","24","[]","[]"
"30","13","ar_to_en","approved-only","solver_deadline_observed_root_cause_unestablished","153","39","24","[]","[]"
