"headwordIndex","translationIndex","english","original","status","register","confidence","allowedForEnToAr","allowedForArToEn","preferredForEnToAr","preferredForArToEn","partOfSpeech","reasonCode","reason","reviewer","sources","sourceId","referenceArabic","referenceConflict"
"531","2","CREATE","انشاء","review","msa","medium","","","","","verb","orthography-review","CREATE — انشاء: Recognizable MSA expression with a spelling/hamza/letter or editorial defect. Preserve the original text and defer repair; not classified as dialect for spelling alone.","AI-assisted linguistic review","[]","531:2","إنشاء","false"
"531","3","CREATE","انشئ","review","msa","medium","","","","","verb","orthography-review","CREATE — انشئ: Recognizable MSA expression with a spelling/hamza/letter or editorial defect. Preserve the original text and defer repair; not classified as dialect for spelling alone.","AI-assisted linguistic review","[]","531:3","إنشاء","false"
"534","3","YOUNG","الشباب","review","msa","medium","","","","","adjective","construction-or-sense-review","YOUNG — الشباب: الشباب is youth/young people; an isolated adjective-to-collective reading needs confirmation.","AI-assisted linguistic review","[]","534:3","الشباب","true"
"539","1","EAST","ايست","review","uncertain","high","false","false","false","false","noun/adjective/adverb","unsuitable-unclassified","EAST — ايست: This rendering does not supply a natural learner equivalent of the English sense. Both directions withheld; register is unresolved so status remains review.","AI-assisted linguistic review","[]","539:1","الشرق","false"
"543","1","ACTIVITIES","انشطة","review","msa","medium","","","","","noun","orthography-review","ACTIVITIES — انشطة: Recognizable MSA expression with a spelling/hamza/letter or editorial defect. Preserve the original text and defer repair; not classified as dialect for spelling alone.","AI-assisted linguistic review","[]","543:1","الأنشطة","false"
"543","2","ACTIVITIES","الانشطة","review","msa","medium","","","","","noun","orthography-review","ACTIVITIES — الانشطة: Recognizable MSA expression with a spelling/hamza/letter or editorial defect. Preserve the original text and defer repair; not classified as dialect for spelling alone.","AI-assisted linguistic review","[]","543:2","الأنشطة","false"
"544","2","CLUB","نادى","review","msa","medium","","","","","noun","orthography-review","CLUB — نادى: Recognizable MSA expression with a spelling/hamza/letter or editorial defect. Preserve the original text and defer repair; not classified as dialect for spelling alone.","AI-assisted linguistic review","[]","544:2","النادي","false"
"544","4","CLUB","كلوب","review","uncertain","medium","","","","","noun","register-review","CLUB — كلوب: Register or status of this borrowing/form needs evidence. Neither automatic dialect rejection nor unsupported MSA approval.","AI-assisted linguistic review","[]","544:4","النادي","false"
"549","0","LATEST","الاحدث","review","msa","medium","","","","","adjective/noun","orthography-review","LATEST — الاحدث: Recognizable MSA expression with a spelling/hamza/letter or editorial defect. Preserve the original text and defer repair; not classified as dialect for spelling alone.","AI-assisted linguistic review","[]","549:0","آخر الأخبار","false"
"549","1","LATEST","آخر الأخبار","review","msa","medium","","","","","adjective/noun","construction-or-sense-review","LATEST — آخر الأخبار: آخر الأخبار means latest news, not every use of latest; retain for construction review rather than a synonym veto.","AI-assisted linguistic review","[]","549:1","آخر الأخبار","true"
"550","1","SOMETHING","شئ","review","msa","medium","","","","","pronoun","orthography-review","SOMETHING — شئ: Recognizable MSA expression with a spelling/hamza/letter or editorial defect. Preserve the original text and defer repair; not classified as dialect for spelling alone.","AI-assisted linguistic review","[]","550:1","شيء ما","false"
"550","3","SOMETHING","شي","review","msa","medium","","","","","pronoun","orthography-review","SOMETHING — شي: Recognizable MSA expression with a spelling/hamza/letter or editorial defect. Preserve the original text and defer repair; not classified as dialect for spelling alone.","AI-assisted linguistic review","[]","550:3","شيء ما","false"
"552","2","GIFT","هديه","review","msa","medium","","","","","noun","orthography-review","GIFT — هديه: Recognizable MSA expression with a spelling/hamza/letter or editorial defect. Preserve the original text and defer repair; not classified as dialect for spelling alone.","AI-assisted linguistic review","[]","552:2","هدية","false"
"558","1","PAY","الاجر","review","msa","medium","","","","","verb/noun","orthography-review","PAY — الاجر: Recognizable MSA expression with a spelling/hamza/letter or editorial defect. Preserve the original text and defer repair; not classified as dialect for spelling alone.","AI-assisted linguistic review","[]","558:1","الدفع","false"
"559","0","FOUR","اربع","review","msa","medium","","","","","numeral","orthography-review","FOUR — اربع: Recognizable MSA expression with a spelling/hamza/letter or editorial defect. Preserve the original text and defer repair; not classified as dialect for spelling alone.","AI-assisted linguistic review","[]","559:0","أربعة","false"
"559","1","FOUR","اربعة","review","msa","medium","","","","","numeral","orthography-review","FOUR — اربعة: Recognizable MSA expression with a spelling/hamza/letter or editorial defect. Preserve the original text and defer repair; not classified as dialect for spelling alone.","AI-assisted linguistic review","[]","559:1","أربعة","false"
"559","2","FOUR","اربعه","review","msa","medium","","","","","numeral","orthography-review","FOUR — اربعه: Recognizable MSA expression with a spelling/hamza/letter or editorial defect. Preserve the original text and defer repair; not classified as dialect for spelling alone.","AI-assisted linguistic review","[]","559:2","أربعة","false"
"563","0","ISSUE","المسالة","review","msa","medium","","","","","noun","orthography-review","ISSUE — المسالة: Recognizable MSA expression with a spelling/hamza/letter or editorial defect. Preserve the original text and defer repair; not classified as dialect for spelling alone.","AI-assisted linguistic review","[]","563:0","المسألة","false"
"563","1","ISSUE","اصدار","review","msa","medium","","","","","noun","orthography-review","ISSUE — اصدار: Recognizable MSA expression with a spelling/hamza/letter or editorial defect. Preserve the original text and defer repair; not classified as dialect for spelling alone.","AI-assisted linguistic review","[]","563:1","المسألة","false"
"567","2","COURT","المحاكم","review","msa","medium","","","","","noun","construction-or-sense-review","COURT — المحاكم: المحاكم denotes multiple courts; a collective construction is possible but not established for this isolated singular headword.","AI-assisted linguistic review","[]","567:2","محكمة","false"
"577","0","BLUE","بلو","review","uncertain","high","false","false","false","false","adjective","unsuitable-unclassified","BLUE — بلو: This rendering does not supply a natural learner equivalent of the English sense. Both directions withheld; register is unresolved so status remains review.","AI-assisted linguistic review","[]","577:0","أزرق","false"
"577","1","BLUE","ازرق","review","msa","medium","","","","","adjective","orthography-review","BLUE — ازرق: Recognizable MSA expression with a spelling/hamza/letter or editorial defect. Preserve the original text and defer repair; not classified as dialect for spelling alone.","AI-assisted linguistic review","[]","577:1","أزرق","false"
"577","2","BLUE","الزرقاء","review","msa","medium","","","","","adjective","orthography-review","BLUE — الزرقاء: Recognizable MSA expression with a spelling/hamza/letter or editorial defect. Preserve the original text and defer repair; not classified as dialect for spelling alone.","AI-assisted linguistic review","[]","577:2","أزرق","false"
"577","3","BLUE","الازرق","review","msa","medium","","","","","adjective","orthography-review","BLUE — الازرق: Recognizable MSA expression with a spelling/hamza/letter or editorial defect. Preserve the original text and defer repair; not classified as dialect for spelling alone.","AI-assisted linguistic review","[]","577:3","أزرق","false"
"580","0","GIVEN","نظرا","review","msa","medium","","","","","preposition","construction-or-sense-review","GIVEN — نظرا: نظرا can participate in given/considering constructions with additional grammatical material; do not certify bare equivalence without context.","AI-assisted linguistic review","[]","580:0","نظرا","true"
"583","0","RELEASE","الافراج","review","msa","medium","","","","","noun/verb","orthography-review","RELEASE — الافراج: Recognizable MSA expression with a spelling/hamza/letter or editorial defect. Preserve the original text and defer repair; not classified as dialect for spelling alone.","AI-assisted linguistic review","[]","583:0","إطلاق سراح","false"
"584","2","ANALYSIS","تحليلات","review","msa","medium","","","","","noun","construction-or-sense-review","ANALYSIS — تحليلات: تحليلات is plural analyses; an English mass/collective reading may be possible but remains unresolved.","AI-assisted linguistic review","[]","584:2","تحليل","false"
"589","2","PICTURE","الصوره","review","msa","medium","","","","","noun","orthography-review","PICTURE — الصوره: Recognizable MSA expression with a spelling/hamza/letter or editorial defect. Preserve the original text and defer repair; not classified as dialect for spelling alone.","AI-assisted linguistic review","[]","589:2","صورة","false"
"589","3","PICTURE","صوره","review","msa","medium","","","","","noun","orthography-review","PICTURE — صوره: Recognizable MSA expression with a spelling/hamza/letter or editorial defect. Preserve the original text and defer repair; not classified as dialect for spelling alone.","AI-assisted linguistic review","[]","589:3","صورة","false"
"596","1","MAJOR","ماجور","review","uncertain","medium","","","","","noun/adjective","register-review","MAJOR — ماجور: ماجور may represent a rank borrowing or a name. Its register and sense are not sufficiently established here.","AI-assisted linguistic review","[]","596:1","الرئيسية","false"
"603","0","SUN","صن","review","uncertain","high","false","false","false","false","noun","unsuitable-unclassified","SUN — صن: This rendering does not supply a natural learner equivalent of the English sense. Both directions withheld; register is unresolved so status remains review.","AI-assisted linguistic review","[]","603:0","الشمس","false"
"604","2","CARDS","كروت","review","uncertain","medium","","","","","noun","register-review","CARDS — كروت: كروت is widely used but MSA acceptability for a general learner needs evidence; do not infer dialect solely from informality.","AI-assisted linguistic review","[]","604:2","البطاقات","false"
"609","4","BECOME","اصبح","review","msa","medium","","","","","verb","orthography-review","BECOME — اصبح: Recognizable MSA expression with a spelling/hamza/letter or editorial defect. Preserve the original text and defer repair; not classified as dialect for spelling alone.","AI-assisted linguistic review","[]","609:4","تصبح","false"
"614","0","ENTER","ادخال","review","msa","medium","","","","","verb","orthography-review","ENTER — ادخال: Recognizable MSA expression with a spelling/hamza/letter or editorial defect. Preserve the original text and defer repair; not classified as dialect for spelling alone.","AI-assisted linguistic review","[]","614:0","أدخل","false"
"622","0","ADDED","اضاف","review","msa","medium","","","","","verb/adjective","orthography-review","ADDED — اضاف: Recognizable MSA expression with a spelling/hamza/letter or editorial defect. Preserve the original text and defer repair; not classified as dialect for spelling alone.","AI-assisted linguistic review","[]","622:0","مضاف","false"
"622","1","ADDED","اضيف","review","msa","medium","","","","","verb/adjective","orthography-review","ADDED — اضيف: Recognizable MSA expression with a spelling/hamza/letter or editorial defect. Preserve the original text and defer repair; not classified as dialect for spelling alone.","AI-assisted linguistic review","[]","622:1","مضاف","false"
"622","2","ADDED","اضيفت","review","msa","medium","","","","","verb/adjective","orthography-review","ADDED — اضيفت: Recognizable MSA expression with a spelling/hamza/letter or editorial defect. Preserve the original text and defer repair; not classified as dialect for spelling alone.","AI-assisted linguistic review","[]","622:2","مضاف","false"
"626","0","BABY","حبيبي","review","msa","medium","","","","","noun","construction-or-sense-review","BABY — حبيبي: حبيبي is my beloved; baby as affectionate address is plausible but this construction requires sense/register review.","AI-assisted linguistic review","[]","626:0","طفل رضيع","false"
"626","1","BABY","حبيبتي","review","msa","medium","","","","","noun","construction-or-sense-review","BABY — حبيبتي: حبيبتي is my beloved (feminine); keep the possible affectionate-address sense unresolved.","AI-assisted linguistic review","[]","626:1","طفل رضيع","false"
"629","0","RUN","اهرب","review","msa","medium","","","","","verb","construction-or-sense-review","RUN — اهرب: اهرب means flee; RUN can mean run away, but certifying the bare imperative sense needs context.","AI-assisted linguistic review","[]","629:0","تشغيل","false"
"630","3","DELIVERY","طلبية","review","msa","medium","","","","","noun","construction-or-sense-review","DELIVERY — طلبية: طلبية means an order/consignment. Delivery can denote delivered goods, but the intended isolated sense is unclear.","AI-assisted linguistic review","[]","630:3","التسليم","false"
"636","1","PUT","حط","review","msa","medium","","","","","verb","construction-or-sense-review","PUT — حط: حط has standard as well as colloquial uses; do not call it dialect based solely on familiarity. Review the unvocalized put citation.","AI-assisted linguistic review","[]","636:1","ضع","false"
"642","1","CENTRAL","سنترال","review","uncertain","medium","","","","","adjective","register-review","CENTRAL — سنترال: Register or status of this borrowing/form needs evidence. Neither automatic dialect rejection nor unsupported MSA approval.","AI-assisted linguistic review","[]","642:1","المركزية","false"
"642","2","CENTRAL","الوسطى","review","msa","medium","","","","","adjective","construction-or-sense-review","CENTRAL — الوسطى: الوسطى is middle/central feminine; the particular isolated construction needs confirmation.","AI-assisted linguistic review","[]","642:2","المركزية","false"
"645","0","NOTICE","الاشعار","review","msa","medium","","","","","noun/verb","orthography-review","NOTICE — الاشعار: Recognizable MSA expression with a spelling/hamza/letter or editorial defect. Preserve the original text and defer repair; not classified as dialect for spelling alone.","AI-assisted linguistic review","[]","645:0","إشعار","false"
"645","1","NOTICE","اشعار","review","msa","medium","","","","","noun/verb","orthography-review","NOTICE — اشعار: Recognizable MSA expression with a spelling/hamza/letter or editorial defect. Preserve the original text and defer repair; not classified as dialect for spelling alone.","AI-assisted linguistic review","[]","645:1","إشعار","false"
"647","0","ORIGINAL","الاصلي","review","msa","medium","","","","","adjective","orthography-review","ORIGINAL — الاصلي: Recognizable MSA expression with a spelling/hamza/letter or editorial defect. Preserve the original text and defer repair; not classified as dialect for spelling alone.","AI-assisted linguistic review","[]","647:0","الأصلي","false"
"647","1","ORIGINAL","اصلي","review","msa","medium","","","","","adjective","orthography-review","ORIGINAL — اصلي: Recognizable MSA expression with a spelling/hamza/letter or editorial defect. Preserve the original text and defer repair; not classified as dialect for spelling alone.","AI-assisted linguistic review","[]","647:1","الأصلي","false"
"647","2","ORIGINAL","الاصلية","review","msa","medium","","","","","adjective","orthography-review","ORIGINAL — الاصلية: Recognizable MSA expression with a spelling/hamza/letter or editorial defect. Preserve the original text and defer repair; not classified as dialect for spelling alone.","AI-assisted linguistic review","[]","647:2","الأصلي","false"
"647","3","ORIGINAL","الاصل","review","msa","medium","","","","","adjective","orthography-review","ORIGINAL — الاصل: Recognizable MSA expression with a spelling/hamza/letter or editorial defect. Preserve the original text and defer repair; not classified as dialect for spelling alone.","AI-assisted linguistic review","[]","647:3","الأصلي","false"
"647","4","ORIGINAL","اصلية","review","msa","medium","","","","","adjective","orthography-review","ORIGINAL — اصلية: Recognizable MSA expression with a spelling/hamza/letter or editorial defect. Preserve the original text and defer repair; not classified as dialect for spelling alone.","AI-assisted linguistic review","[]","647:4","الأصلي","false"
"648","0","HEAD","راسي","review","msa","medium","","","","","noun","orthography-review","HEAD — راسي: Recognizable MSA expression with a spelling/hamza/letter or editorial defect. Preserve the original text and defer repair; not classified as dialect for spelling alone.","AI-assisted linguistic review","[]","648:0","الرأس","false"
"648","1","HEAD","راس","review","msa","medium","","","","","noun","orthography-review","HEAD — راس: Recognizable MSA expression with a spelling/hamza/letter or editorial defect. Preserve the original text and defer repair; not classified as dialect for spelling alone.","AI-assisted linguistic review","[]","648:1","الرأس","false"
"648","2","HEAD","الراس","review","msa","medium","","","","","noun","orthography-review","HEAD — الراس: Recognizable MSA expression with a spelling/hamza/letter or editorial defect. Preserve the original text and defer repair; not classified as dialect for spelling alone.","AI-assisted linguistic review","[]","648:2","الرأس","false"
"649","3","RADIO","الاذاعة","review","msa","medium","","","","","noun","orthography-review","RADIO — الاذاعة: Recognizable MSA expression with a spelling/hamza/letter or editorial defect. Preserve the original text and defer repair; not classified as dialect for spelling alone.","AI-assisted linguistic review","[]","649:3","الإذاعة","false"
"649","4","RADIO","اذاعة","review","msa","medium","","","","","noun","orthography-review","RADIO — اذاعة: Recognizable MSA expression with a spelling/hamza/letter or editorial defect. Preserve the original text and defer repair; not classified as dialect for spelling alone.","AI-assisted linguistic review","[]","649:4","الإذاعة","false"
"652","1","COLOR","الالوان","review","msa","medium","","","","","noun","orthography-review","COLOR — الالوان: Recognizable MSA expression with a spelling/hamza/letter or editorial defect. Preserve the original text and defer repair; not classified as dialect for spelling alone.","AI-assisted linguistic review","[]","652:1","اللون","false"
"652","3","COLOR","الوان","review","msa","medium","","","","","noun","orthography-review","COLOR — الوان: Recognizable MSA expression with a spelling/hamza/letter or editorial defect. Preserve the original text and defer repair; not classified as dialect for spelling alone.","AI-assisted linguistic review","[]","652:3","اللون","false"
"653","0","SELF","الذاتي","review","msa","medium","","","","","noun","construction-or-sense-review","SELF — الذاتي: Arabic is recognizable MSA, but this isolated relationship needs a supported construction/sense before approval; morphology alone is not rejection.","AI-assisted linguistic review","[]","653:0","الذات","false"
"653","1","SELF","ذاتي","review","msa","medium","","","","","noun","construction-or-sense-review","SELF — ذاتي: Arabic is recognizable MSA, but this isolated relationship needs a supported construction/sense before approval; morphology alone is not rejection.","AI-assisted linguistic review","[]","653:1","الذات","false"
"653","3","SELF","سلف","review","uncertain","high","false","false","false","false","noun","unsuitable-unclassified","SELF — سلف: This rendering does not supply a natural learner equivalent of the English sense. Both directions withheld; register is unresolved so status remains review.","AI-assisted linguistic review","[]","653:3","الذات","false"
"657","2","TRACK","المقطوعة","review","msa","medium","","","","","noun","construction-or-sense-review","TRACK — المقطوعة: المقطوعة can be a musical piece/track; review whether the missing musical context makes this clue sufficiently informative.","AI-assisted linguistic review","[]","657:2","المسار","false"
"659","1","DISCUSSION","مناقشات","review","msa","medium","","","","","noun","construction-or-sense-review","DISCUSSION — مناقشات: Arabic is recognizable MSA, but this isolated relationship needs a supported construction/sense before approval; morphology alone is not rejection.","AI-assisted linguistic review","[]","659:1","المناقشة","false"
"659","3","DISCUSSION","المناقشات","review","msa","medium","","","","","noun","construction-or-sense-review","DISCUSSION — المناقشات: Arabic is recognizable MSA, but this isolated relationship needs a supported construction/sense before approval; morphology alone is not rejection.","AI-assisted linguistic review","[]","659:3","المناقشة","false"
"660","0","ARCHIVE","ارشيف","review","msa","medium","","","","","noun","orthography-review","ARCHIVE — ارشيف: Recognizable MSA expression with a spelling/hamza/letter or editorial defect. Preserve the original text and defer repair; not classified as dialect for spelling alone.","AI-assisted linguistic review","[]","660:0","أرشيف","false"
"660","1","ARCHIVE","الارشيف","review","msa","medium","","","","","noun","orthography-review","ARCHIVE — الارشيف: Recognizable MSA expression with a spelling/hamza/letter or editorial defect. Preserve the original text and defer repair; not classified as dialect for spelling alone.","AI-assisted linguistic review","[]","660:1","أرشيف","false"
"661","1","ONCE","مره","review","msa","medium","","","","","adverb","orthography-review","ONCE — مره: Recognizable MSA expression with a spelling/hamza/letter or editorial defect. Preserve the original text and defer repair; not classified as dialect for spelling alone.","AI-assisted linguistic review","[]","661:1","مرة واحدة","false"
"662","0","OTHERS","اخرون","review","msa","medium","","","","","pronoun","orthography-review","OTHERS — اخرون: Recognizable MSA expression with a spelling/hamza/letter or editorial defect. Preserve the original text and defer repair; not classified as dialect for spelling alone.","AI-assisted linguistic review","[]","662:0","أخرى","false"
"662","1","OTHERS","اخرين","review","msa","medium","","","","","pronoun","orthography-review","OTHERS — اخرين: Recognizable MSA expression with a spelling/hamza/letter or editorial defect. Preserve the original text and defer repair; not classified as dialect for spelling alone.","AI-assisted linguistic review","[]","662:1","أخرى","false"
"662","2","OTHERS","الاخرون","review","msa","medium","","","","","pronoun","orthography-review","OTHERS — الاخرون: Recognizable MSA expression with a spelling/hamza/letter or editorial defect. Preserve the original text and defer repair; not classified as dialect for spelling alone.","AI-assisted linguistic review","[]","662:2","أخرى","false"
"662","3","OTHERS","أخرى","review","msa","medium","","","","","pronoun","construction-or-sense-review","OTHERS — أخرى: Arabic is recognizable MSA, but this isolated relationship needs a supported construction/sense before approval; morphology alone is not rejection.","AI-assisted linguistic review","[]","662:3","أخرى","true"
"663","1","ENTERTAINMENT","للترفيه","review","msa","medium","","","","","noun","construction-or-sense-review","ENTERTAINMENT — للترفيه: Arabic is recognizable MSA, but this isolated relationship needs a supported construction/sense before approval; morphology alone is not rejection.","AI-assisted linguistic review","[]","663:1","الترفيه","false"
"668","0","MONTHS","الاشهر","review","msa","medium","","","","","noun","orthography-review","MONTHS — الاشهر: Recognizable MSA expression with a spelling/hamza/letter or editorial defect. Preserve the original text and defer repair; not classified as dialect for spelling alone.","AI-assisted linguistic review","[]","668:0","أشهر","false"
"668","3","MONTHS","اشهر","review","msa","medium","","","","","noun","orthography-review","MONTHS — اشهر: Recognizable MSA expression with a spelling/hamza/letter or editorial defect. Preserve the original text and defer repair; not classified as dialect for spelling alone.","AI-assisted linguistic review","[]","668:3","أشهر","false"
"670","2","SAFETY","الامان","review","msa","medium","","","","","noun","orthography-review","SAFETY — الامان: Recognizable MSA expression with a spelling/hamza/letter or editorial defect. Preserve the original text and defer repair; not classified as dialect for spelling alone.","AI-assisted linguistic review","[]","670:2","السلامة","false"
"671","0","FRIENDS","اصدقاء","review","msa","medium","","","","","noun","orthography-review","FRIENDS — اصدقاء: Recognizable MSA expression with a spelling/hamza/letter or editorial defect. Preserve the original text and defer repair; not classified as dialect for spelling alone.","AI-assisted linguistic review","[]","671:0","الأصدقاء","false"
"671","1","FRIENDS","الاصدقاء","review","msa","medium","","","","","noun","orthography-review","FRIENDS — الاصدقاء: Recognizable MSA expression with a spelling/hamza/letter or editorial defect. Preserve the original text and defer repair; not classified as dialect for spelling alone.","AI-assisted linguistic review","[]","671:1","الأصدقاء","false"
"671","2","FRIENDS","صديقان","review","msa","medium","","","","","noun","construction-or-sense-review","FRIENDS — صديقان: صديقان denotes two friends. Dual morphology is not intrinsically wrong, but the intended unqualified plural sense needs review.","AI-assisted linguistic review","[]","671:2","الأصدقاء","false"
"672","1","SURE","اكيد","review","msa","medium","","","","","adjective/adverb","orthography-review","SURE — اكيد: Recognizable MSA expression with a spelling/hamza/letter or editorial defect. Preserve the original text and defer repair; not classified as dialect for spelling alone.","AI-assisted linguistic review","[]","672:1","متأكد","false"
"672","2","SURE","متاكد","review","msa","medium","","","","","adjective/adverb","orthography-review","SURE — متاكد: Recognizable MSA expression with a spelling/hamza/letter or editorial defect. Preserve the original text and defer repair; not classified as dialect for spelling alone.","AI-assisted linguistic review","[]","672:2","متأكد","false"
"674","1","EDITION","اصدار","review","msa","medium","","","","","noun","orthography-review","EDITION — اصدار: Recognizable MSA expression with a spelling/hamza/letter or editorial defect. Preserve the original text and defer repair; not classified as dialect for spelling alone.","AI-assisted linguistic review","[]","674:1","الطبعة","false"
"674","3","EDITION","الاصدار","review","msa","medium","","","","","noun","orthography-review","EDITION — الاصدار: Recognizable MSA expression with a spelling/hamza/letter or editorial defect. Preserve the original text and defer repair; not classified as dialect for spelling alone.","AI-assisted linguistic review","[]","674:3","الطبعة","false"
"678","0","TELL","اخبر","review","msa","medium","","","","","verb","orthography-review","TELL — اخبر: Recognizable MSA expression with a spelling/hamza/letter or editorial defect. Preserve the original text and defer repair; not classified as dialect for spelling alone.","AI-assisted linguistic review","[]","678:0","أخبر","false"
"680","1","UPDATED","تحديث","review","msa","medium","","","","","adjective","construction-or-sense-review","UPDATED — تحديث: تحديث is updating/update action; UPDATED may require a result-state reading. Defer rather than automatically reject Arabic masdar forms.","AI-assisted linguistic review","[]","680:1","تحديث","true"
"683","0","HAVING","وجود","review","msa","medium","","","","","verb","construction-or-sense-review","HAVING — وجود: وجود denotes presence/existence; having can express possession and this relationship needs construction evidence.","AI-assisted linguistic review","[]","683:0","وجود","true"
"688","0","GREEN","اخضر","review","msa","medium","","","","","adjective","orthography-review","GREEN — اخضر: Recognizable MSA expression with a spelling/hamza/letter or editorial defect. Preserve the original text and defer repair; not classified as dialect for spelling alone.","AI-assisted linguistic review","[]","688:0","أخضر","false"
"688","3","GREEN","الاخضر","review","msa","medium","","","","","adjective","orthography-review","GREEN — الاخضر: Recognizable MSA expression with a spelling/hamza/letter or editorial defect. Preserve the original text and defer repair; not classified as dialect for spelling alone.","AI-assisted linguistic review","[]","688:3","أخضر","false"
"690","3","CLOSE","اغلاق","review","msa","medium","","","","","adjective/verb","orthography-review","CLOSE — اغلاق: Recognizable MSA expression with a spelling/hamza/letter or editorial defect. Preserve the original text and defer repair; not classified as dialect for spelling alone.","AI-assisted linguistic review","[]","690:3","إغلاق","false"
"690","4","CLOSE","اغلق","review","msa","medium","","","","","adjective/verb","orthography-review","CLOSE — اغلق: Recognizable MSA expression with a spelling/hamza/letter or editorial defect. Preserve the original text and defer repair; not classified as dialect for spelling alone.","AI-assisted linguistic review","[]","690:4","إغلاق","false"
"695","1","GOLD","جولد","review","uncertain","high","false","false","false","false","noun/adjective","unsuitable-unclassified","GOLD — جولد: This rendering does not supply a natural learner equivalent of the English sense. Both directions withheld; register is unresolved so status remains review.","AI-assisted linguistic review","[]","695:1","ذهبي","false"
"695","2","GOLD","غولد","review","uncertain","high","false","false","false","false","noun/adjective","unsuitable-unclassified","GOLD — غولد: This rendering does not supply a natural learner equivalent of the English sense. Both directions withheld; register is unresolved so status remains review.","AI-assisted linguistic review","[]","695:2","ذهبي","false"
"699","2","CALLED","يسمى","review","msa","medium","","","","","verb","construction-or-sense-review","CALLED — يسمى: Arabic is recognizable MSA, but this isolated relationship needs a supported construction/sense before approval; morphology alone is not rejection.","AI-assisted linguistic review","[]","699:2","يسمى","true"
"700","3","SHORT","شورت","review","uncertain","high","false","false","false","false","adjective","unsuitable-unclassified","SHORT — شورت: This rendering does not supply a natural learner equivalent of the English sense. Both directions withheld; register is unresolved so status remains review.","AI-assisted linguistic review","[]","700:3","قصيرة","false"
"703","0","ASK","اسال","review","msa","medium","","","","","verb","orthography-review","ASK — اسال: Recognizable MSA expression with a spelling/hamza/letter or editorial defect. Preserve the original text and defer repair; not classified as dialect for spelling alone.","AI-assisted linguistic review","[]","703:0","اسأل","false"
"705","4","LIMITED","محدودية","review","msa","medium","","","","","adjective","construction-or-sense-review","LIMITED — محدودية: محدودية is limitedness; a property noun may be natural in context, but the standalone adjective mapping is unresolved.","AI-assisted linguistic review","[]","705:4","محدودة","false"
"706","0","POWERED","مدعوم","review","msa","medium","","","","","adjective","construction-or-sense-review","POWERED — مدعوم: مدعوم is supported; powered by can have that figurative sense, but the intended construction remains unresolved.","AI-assisted linguistic review","[]","706:0","مدعوم","true"
"708","1","MEANS","يعنى","review","msa","medium","","","","","noun/verb","orthography-review","MEANS — يعنى: Recognizable MSA expression with a spelling/hamza/letter or editorial defect. Preserve the original text and defer repair; not classified as dialect for spelling alone.","AI-assisted linguistic review","[]","708:1","يعني","false"
"711","1","BEACH","شاطيء","review","msa","medium","","","","","noun","orthography-review","BEACH — شاطيء: Recognizable MSA expression with a spelling/hamza/letter or editorial defect. Preserve the original text and defer repair; not classified as dialect for spelling alone.","AI-assisted linguistic review","[]","711:1","الشاطئ","false"
"711","3","BEACH","بيتش","review","uncertain","high","false","false","false","false","noun","unsuitable-unclassified","BEACH — بيتش: This rendering does not supply a natural learner equivalent of the English sense. Both directions withheld; register is unresolved so status remains review.","AI-assisted linguistic review","[]","711:3","الشاطئ","false"
"711","4","BEACH","الشاطيء","review","msa","medium","","","","","noun","orthography-review","BEACH — الشاطيء: Recognizable MSA expression with a spelling/hamza/letter or editorial defect. Preserve the original text and defer repair; not classified as dialect for spelling alone.","AI-assisted linguistic review","[]","711:4","الشاطئ","false"
"712","0","PAST","الماضى","review","msa","medium","","","","","noun/adjective","orthography-review","PAST — الماضى: Recognizable MSA expression with a spelling/hamza/letter or editorial defect. Preserve the original text and defer repair; not classified as dialect for spelling alone.","AI-assisted linguistic review","[]","712:0","الماضي","false"
"716","0","ELECTRONICS","الالكترونيات","review","msa","medium","","","","","noun","orthography-review","ELECTRONICS — الالكترونيات: Recognizable MSA expression with a spelling/hamza/letter or editorial defect. Preserve the original text and defer repair; not classified as dialect for spelling alone.","AI-assisted linguistic review","[]","716:0","الإلكترونيات","false"
"717","1","FIVE","خمسه","review","msa","medium","","","","","numeral","orthography-review","FIVE — خمسه: Recognizable MSA expression with a spelling/hamza/letter or editorial defect. Preserve the original text and defer repair; not classified as dialect for spelling alone.","AI-assisted linguistic review","[]","717:1","خمسة.","false"
"726","0","LAND","ارض","review","msa","medium","","","","","noun","orthography-review","LAND — ارض: Recognizable MSA expression with a spelling/hamza/letter or editorial defect. Preserve the original text and defer repair; not classified as dialect for spelling alone.","AI-assisted linguistic review","[]","726:0","الأرض","false"
"726","1","LAND","اراض","review","msa","medium","","","","","noun","orthography-review","LAND — اراض: Recognizable MSA expression with a spelling/hamza/letter or editorial defect. Preserve the original text and defer repair; not classified as dialect for spelling alone.","AI-assisted linguistic review","[]","726:1","الأرض","false"
"726","2","LAND","الارض","review","msa","medium","","","","","noun","orthography-review","LAND — الارض: Recognizable MSA expression with a spelling/hamza/letter or editorial defect. Preserve the original text and defer repair; not classified as dialect for spelling alone.","AI-assisted linguistic review","[]","726:2","الأرض","false"
"726","3","LAND","الاراضي","review","msa","medium","","","","","noun","orthography-review","LAND — الاراضي: Recognizable MSA expression with a spelling/hamza/letter or editorial defect. Preserve the original text and defer repair; not classified as dialect for spelling alone.","AI-assisted linguistic review","[]","726:3","الأرض","false"
"728","0","DONE","معمول","review","msa","medium","","","","","verb/adjective","construction-or-sense-review","DONE — معمول: معمول can mean made/done but also denotes a pastry; its intended grammatical reading needs clarification.","AI-assisted linguistic review","[]","728:0","أُنجز","false"
"733","0","REGION","الاقليم","review","msa","medium","","","","","noun","orthography-review","REGION — الاقليم: Recognizable MSA expression with a spelling/hamza/letter or editorial defect. Preserve the original text and defer repair; not classified as dialect for spelling alone.","AI-assisted linguistic review","[]","733:0","المنطقة","false"
"733","1","REGION","اقليم","review","msa","medium","","","","","noun","orthography-review","REGION — اقليم: Recognizable MSA expression with a spelling/hamza/letter or editorial defect. Preserve the original text and defer repair; not classified as dialect for spelling alone.","AI-assisted linguistic review","[]","733:1","المنطقة","false"
"741","3","DISTRICT","منطقة حي","review","msa","medium","","","","","noun","construction-or-sense-review","DISTRICT — منطقة حي: منطقة حي is an awkward stacked phrase for district; preserve it for linguistic review without text editing.","AI-assisted linguistic review","[]","741:3","منطقة حي","true"
"744","0","STYLE","ستايل","review","uncertain","medium","","","","","noun","register-review","STYLE — ستايل: Register or status of this borrowing/form needs evidence. Neither automatic dialect rejection nor unsupported MSA approval.","AI-assisted linguistic review","[]","744:0","الاسلوب","false"
"744","1","STYLE","اسلوب","review","msa","medium","","","","","noun","orthography-review","STYLE — اسلوب: Recognizable MSA expression with a spelling/hamza/letter or editorial defect. Preserve the original text and defer repair; not classified as dialect for spelling alone.","AI-assisted linguistic review","[]","744:1","الاسلوب","false"
"744","3","STYLE","الاسلوب","review","msa","medium","","","","","noun","orthography-review","STYLE — الاسلوب: Recognizable MSA expression with a spelling/hamza/letter or editorial defect. Preserve the original text and defer repair; not classified as dialect for spelling alone.","AI-assisted linguistic review","[]","744:3","الاسلوب","true"
"748","0","PARTS","اجزاء","review","msa","medium","","","","","noun","orthography-review","PARTS — اجزاء: Recognizable MSA expression with a spelling/hamza/letter or editorial defect. Preserve the original text and defer repair; not classified as dialect for spelling alone.","AI-assisted linguistic review","[]","748:0","أجزاء","false"
"748","1","PARTS","الاجزاء","review","msa","medium","","","","","noun","orthography-review","PARTS — الاجزاء: Recognizable MSA expression with a spelling/hamza/letter or editorial defect. Preserve the original text and defer repair; not classified as dialect for spelling alone.","AI-assisted linguistic review","[]","748:1","أجزاء","false"
"750","0","EVER","أبداً","review","msa","medium","","","","","adverb","construction-or-sense-review","EVER — أبداً: Arabic is recognizable MSA, but this isolated relationship needs a supported construction/sense before approval; morphology alone is not rejection.","AI-assisted linguistic review","[]","750:0","أبداً","true"
"752","2","EARLY","اوائل","review","msa","medium","","","","","adjective/adverb","orthography-review","EARLY — اوائل: Recognizable MSA expression with a spelling/hamza/letter or editorial defect. Preserve the original text and defer repair; not classified as dialect for spelling alone.","AI-assisted linguistic review","[]","752:2","مبكر","false"
"753","0","MILES","ميل","review","msa","medium","","","","","noun","construction-or-sense-review","MILES — ميل: Arabic is recognizable MSA, but this isolated relationship needs a supported construction/sense before approval; morphology alone is not rejection.","AI-assisted linguistic review","[]","753:0","أميال","false"
"753","1","MILES","مايلز","review","uncertain","high","false","false","false","false","noun","unsuitable-unclassified","MILES — مايلز: This rendering does not supply a natural learner equivalent of the English sense. Both directions withheld; register is unresolved so status remains review.","AI-assisted linguistic review","[]","753:1","أميال","false"
"753","2","MILES","اميال","review","msa","medium","","","","","noun","orthography-review","MILES — اميال: Recognizable MSA expression with a spelling/hamza/letter or editorial defect. Preserve the original text and defer repair; not classified as dialect for spelling alone.","AI-assisted linguistic review","[]","753:2","أميال","false"
"755","1","RESOURCE","الموارد","review","msa","medium","","","","","noun","construction-or-sense-review","RESOURCE — الموارد: الموارد denotes resources; no supported singular/collective construction is established here.","AI-assisted linguistic review","[]","755:1","مورد","false"
"758","0","EITHER","فاما","review","msa","medium","","","","","determiner/conjunction","orthography-review","EITHER — فاما: Recognizable MSA expression with a spelling/hamza/letter or editorial defect. Preserve the original text and defer repair; not classified as dialect for spelling alone.","AI-assisted linguistic review","[]","758:0","إما","false"
"758","1","EITHER","اما","review","msa","medium","","","","","determiner/conjunction","orthography-review","EITHER — اما: Recognizable MSA expression with a spelling/hamza/letter or editorial defect. Preserve the original text and defer repair; not classified as dialect for spelling alone.","AI-assisted linguistic review","[]","758:1","إما","false"
"762","2","WORKS","اشغال","review","msa","medium","","","","","verb/noun","orthography-review","WORKS — اشغال: Recognizable MSA expression with a spelling/hamza/letter or editorial defect. Preserve the original text and defer repair; not classified as dialect for spelling alone.","AI-assisted linguistic review","[]","762:2","أعمال","false"
"763","1","MATERIAL","المواد","review","msa","medium","","","","","noun","construction-or-sense-review","MATERIAL — المواد: المواد is plural materials; MATERIAL may be collective, but this specific isolated mapping needs review.","AI-assisted linguistic review","[]","763:1","مواد","false"
"763","2","MATERIAL","مواد","review","msa","medium","","","","","noun","construction-or-sense-review","MATERIAL — مواد: مواد is plural materials; retain potential collective use for review rather than rejecting number mechanically.","AI-assisted linguistic review","[]","763:2","مواد","true"
"764","0","BILL","بيل","review","uncertain","high","false","false","false","false","noun","unsuitable-unclassified","BILL — بيل: This rendering does not supply a natural learner equivalent of the English sense. Both directions withheld; register is unresolved so status remains review.","AI-assisted linguistic review","[]","764:0","بيل","true"
"771","3","ADULT","الكبار","review","msa","medium","","","","","noun/adjective","construction-or-sense-review","ADULT — الكبار: الكبار is adults/elders; a singular headword needs a supported collective construction before approval.","AI-assisted linguistic review","[]","771:3","الكبار","true"
"779","0","KIDS","الاولاد","review","msa","medium","","","","","noun","orthography-review","KIDS — الاولاد: Recognizable MSA expression with a spelling/hamza/letter or editorial defect. Preserve the original text and defer repair; not classified as dialect for spelling alone.","AI-assisted linguistic review","[]","779:0","الأطفال","false"
"779","1","KIDS","الاطفال","review","msa","medium","","","","","noun","orthography-review","KIDS — الاطفال: Recognizable MSA expression with a spelling/hamza/letter or editorial defect. Preserve the original text and defer repair; not classified as dialect for spelling alone.","AI-assisted linguistic review","[]","779:1","الأطفال","false"
"779","2","KIDS","اطفال","review","msa","medium","","","","","noun","orthography-review","KIDS — اطفال: Recognizable MSA expression with a spelling/hamza/letter or editorial defect. Preserve the original text and defer repair; not classified as dialect for spelling alone.","AI-assisted linguistic review","[]","779:2","الأطفال","false"
"784","1","MARK","مارك","review","uncertain","high","false","false","false","false","noun/verb","unsuitable-unclassified","MARK — مارك: This rendering does not supply a natural learner equivalent of the English sense. Both directions withheld; register is unresolved so status remains review.","AI-assisted linguistic review","[]","784:1","علامة العلامة","false"
"786","1","ROCK","روك","review","uncertain","medium","","","","","noun","register-review","ROCK — روك: Register or status of this borrowing/form needs evidence. Neither automatic dialect rejection nor unsupported MSA approval.","AI-assisted linguistic review","[]","786:1","روك","true"
"786","3","ROCK","الروك","review","uncertain","medium","","","","","noun","register-review","ROCK — الروك: Register or status of this borrowing/form needs evidence. Neither automatic dialect rejection nor unsupported MSA approval.","AI-assisted linguistic review","[]","786:3","روك","false"
"789","2","READING","يقرا","review","msa","medium","","","","","noun/verb","orthography-review","READING — يقرا: Recognizable MSA expression with a spelling/hamza/letter or editorial defect. Preserve the original text and defer repair; not classified as dialect for spelling alone.","AI-assisted linguistic review","[]","789:2","القراءة","false"
"789","3","READING","اقرا","review","msa","medium","","","","","noun/verb","orthography-review","READING — اقرا: Recognizable MSA expression with a spelling/hamza/letter or editorial defect. Preserve the original text and defer repair; not classified as dialect for spelling alone.","AI-assisted linguistic review","[]","789:3","القراءة","false"
"791","1","BAD","باد","review","uncertain","high","false","false","false","false","adjective","unsuitable-unclassified","BAD — باد: This rendering does not supply a natural learner equivalent of the English sense. Both directions withheld; register is unresolved so status remains review.","AI-assisted linguistic review","[]","791:1","سيئة","false"
"791","4","BAD","سئ","review","msa","medium","","","","","adjective","orthography-review","BAD — سئ: Recognizable MSA expression with a spelling/hamza/letter or editorial defect. Preserve the original text and defer repair; not classified as dialect for spelling alone.","AI-assisted linguistic review","[]","791:4","سيئة","false"
"794","0","PLUS","زايد","review","msa","medium","","","","","preposition/conjunction","orthography-review","PLUS — زايد: Recognizable MSA expression with a spelling/hamza/letter or editorial defect. Preserve the original text and defer repair; not classified as dialect for spelling alone.","AI-assisted linguistic review","[]","794:0","زائد","false"
"794","2","PLUS","بالاضافة","review","msa","medium","","","","","preposition/conjunction","orthography-review","PLUS — بالاضافة: Recognizable MSA expression with a spelling/hamza/letter or editorial defect. Preserve the original text and defer repair; not classified as dialect for spelling alone.","AI-assisted linguistic review","[]","794:2","زائد","false"
"801","0","PERCENT","النسبة المئوية","review","msa","medium","","","","","noun","construction-or-sense-review","PERCENT — النسبة المئوية: النسبة المئوية names percentage, whereas percent conventionally expresses per hundred. Keep the noun usage question unresolved rather than rewriting.","AI-assisted linguistic review","[]","801:0","النسبة المئوية","true"
"814","0","LYRICS","كلمات","review","msa","medium","","","","","noun","construction-or-sense-review","LYRICS — كلمات: كلمات alone is words; lyrics normally needs a song context. This is a potential materially broad clue, not merely a shared synonym.","AI-assisted linguistic review","[]","814:0","كلمات","true"
"817","1","SUBMIT","قُدم","review","msa","medium","","","","","verb","construction-or-sense-review","SUBMIT — قُدم: قُدم is a passive past submitted form; whether it is an appropriate citation of submit needs contextual judgment.","AI-assisted linguistic review","[]","817:1","قُدم","true"
"821","4","INCLUDED","وشملت","review","msa","medium","","","","","verb/adjective","construction-or-sense-review","INCLUDED — وشملت: وشملت includes an added conjunction and finite construction; retain review rather than dropping characters.","AI-assisted linguistic review","[]","821:4","وشملت","true"
"822","2","FEEL","اشعر","review","msa","medium","","","","","verb","orthography-review","FEEL — اشعر: Recognizable MSA expression with a spelling/hamza/letter or editorial defect. Preserve the original text and defer repair; not classified as dialect for spelling alone.","AI-assisted linguistic review","[]","822:2","شعور","false"
"825","1","RISK","المخاطر","review","msa","medium","","","","","noun","construction-or-sense-review","RISK — المخاطر: المخاطر is plural risks; a collective mapping may work in context but is not established here.","AI-assisted linguistic review","[]","825:1","المخاطر","true"
"826","1","THANKS","اشكرك","review","msa","medium","","","","","noun/interjection","orthography-review","THANKS — اشكرك: Recognizable MSA expression with a spelling/hamza/letter or editorial defect. Preserve the original text and defer repair; not classified as dialect for spelling alone.","AI-assisted linguistic review","[]","826:1","شكرًا","false"
"832","0","PRODUCTION","الانتاج","review","msa","medium","","","","","noun","orthography-review","PRODUCTION — الانتاج: Recognizable MSA expression with a spelling/hamza/letter or editorial defect. Preserve the original text and defer repair; not classified as dialect for spelling alone.","AI-assisted linguistic review","[]","832:0","الإنتاج","false"
"832","1","PRODUCTION","انتاج","review","msa","medium","","","","","noun","orthography-review","PRODUCTION — انتاج: Recognizable MSA expression with a spelling/hamza/letter or editorial defect. Preserve the original text and defer repair; not classified as dialect for spelling alone.","AI-assisted linguistic review","[]","832:1","الإنتاج","false"
"836","0","TOWN","تاون","review","uncertain","high","false","false","false","false","noun","unsuitable-unclassified","TOWN — تاون: This rendering does not supply a natural learner equivalent of the English sense. Both directions withheld; register is unresolved so status remains review.","AI-assisted linguistic review","[]","836:0","المدينة","false"
"836","2","TOWN","المدينة","review","msa","medium","","","","","noun","construction-or-sense-review","TOWN — المدينة: المدينة can cover an urban settlement, but the town/city distinction and intended scope need review.","AI-assisted linguistic review","[]","836:2","المدينة","true"
"838","1","ADVERTISING","الاعلانات","review","msa","medium","","","","","noun","orthography-review","ADVERTISING — الاعلانات: Recognizable MSA expression with a spelling/hamza/letter or editorial defect. Preserve the original text and defer repair; not classified as dialect for spelling alone.","AI-assisted linguistic review","[]","838:1","الإعلانات","false"
"838","2","ADVERTISING","الاعلان","review","msa","medium","","","","","noun","orthography-review","ADVERTISING — الاعلان: Recognizable MSA expression with a spelling/hamza/letter or editorial defect. Preserve the original text and defer repair; not classified as dialect for spelling alone.","AI-assisted linguistic review","[]","838:2","الإعلانات","false"
"838","3","ADVERTISING","اعلان","review","msa","medium","","","","","noun","orthography-review","ADVERTISING — اعلان: Recognizable MSA expression with a spelling/hamza/letter or editorial defect. Preserve the original text and defer repair; not classified as dialect for spelling alone.","AI-assisted linguistic review","[]","838:3","الإعلانات","false"
"838","4","ADVERTISING","اعلانات","review","msa","medium","","","","","noun","orthography-review","ADVERTISING — اعلانات: Recognizable MSA expression with a spelling/hamza/letter or editorial defect. Preserve the original text and defer repair; not classified as dialect for spelling alone.","AI-assisted linguistic review","[]","838:4","الإعلانات","false"
"843","2","ARCHIVES","الارشيف","review","msa","medium","","","","","noun","orthography-review","ARCHIVES — الارشيف: Recognizable MSA expression with a spelling/hamza/letter or editorial defect. Preserve the original text and defer repair; not classified as dialect for spelling alone.","AI-assisted linguistic review","[]","843:2","المحفوظات","false"
"847","0","ERROR","الخطا","review","msa","medium","","","","","noun","orthography-review","ERROR — الخطا: Recognizable MSA expression with a spelling/hamza/letter or editorial defect. Preserve the original text and defer repair; not classified as dialect for spelling alone.","AI-assisted linguistic review","[]","847:0","خطأ","false"
"847","1","ERROR","خطا","review","msa","medium","","","","","noun","orthography-review","ERROR — خطا: Recognizable MSA expression with a spelling/hamza/letter or editorial defect. Preserve the original text and defer repair; not classified as dialect for spelling alone.","AI-assisted linguistic review","[]","847:1","خطأ","false"
"851","4","CONSTRUCTION","الانشاءات","review","msa","medium","","","","","noun","orthography-review","CONSTRUCTION — الانشاءات: Recognizable MSA expression with a spelling/hamza/letter or editorial defect. Preserve the original text and defer repair; not classified as dialect for spelling alone.","AI-assisted linguistic review","[]","851:4","البناء","false"
"851","5","CONSTRUCTION","الانشاء","review","msa","medium","","","","","noun","orthography-review","CONSTRUCTION — الانشاء: Recognizable MSA expression with a spelling/hamza/letter or editorial defect. Preserve the original text and defer repair; not classified as dialect for spelling alone.","AI-assisted linguistic review","[]","851:5","البناء","false"
"852","0","TOYS","العاب","review","msa","medium","","","","","noun","orthography-review","TOYS — العاب: Recognizable MSA expression with a spelling/hamza/letter or editorial defect. Preserve the original text and defer repair; not classified as dialect for spelling alone.","AI-assisted linguistic review","[]","852:0","لعب اطفال","false"
"852","1","TOYS","لعب اطفال","review","msa","medium","","","","","noun","orthography-review","TOYS — لعب اطفال: Recognizable MSA expression with a spelling/hamza/letter or editorial defect. Preserve the original text and defer repair; not classified as dialect for spelling alone.","AI-assisted linguistic review","[]","852:1","لعب اطفال","true"
"854","2","CLEAR","خال","review","msa","medium","","","","","adjective","construction-or-sense-review","CLEAR — خال: خال can mean empty/free or maternal uncle depending on vocalization; the intended clear-of construction is unresolved.","AI-assisted linguistic review","[]","854:2","واضح","false"
"858","0","METHODS","اساليب","review","msa","medium","","","","","noun","orthography-review","METHODS — اساليب: Recognizable MSA expression with a spelling/hamza/letter or editorial defect. Preserve the original text and defer repair; not classified as dialect for spelling alone.","AI-assisted linguistic review","[]","858:0","الأساليب","false"
"858","1","METHODS","الاساليب","review","msa","medium","","","","","noun","orthography-review","METHODS — الاساليب: Recognizable MSA expression with a spelling/hamza/letter or editorial defect. Preserve the original text and defer repair; not classified as dialect for spelling alone.","AI-assisted linguistic review","[]","858:1","الأساليب","false"
"869","0","TAKEN","اخذ","review","msa","medium","","","","","verb/adjective","orthography-review","TAKEN — اخذ: Recognizable MSA expression with a spelling/hamza/letter or editorial defect. Preserve the original text and defer repair; not classified as dialect for spelling alone.","AI-assisted linguistic review","[]","869:0","متخذ","false"
"869","1","TAKEN","ماخوذ","review","msa","medium","","","","","verb/adjective","orthography-review","TAKEN — ماخوذ: Recognizable MSA expression with a spelling/hamza/letter or editorial defect. Preserve the original text and defer repair; not classified as dialect for spelling alone.","AI-assisted linguistic review","[]","869:1","متخذ","false"
"869","2","TAKEN","تؤخذ","review","msa","medium","","","","","verb/adjective","construction-or-sense-review","TAKEN — تؤخذ: Arabic is recognizable MSA, but this isolated relationship needs a supported construction/sense before approval; morphology alone is not rejection.","AI-assisted linguistic review","[]","869:2","متخذ","false"
"872","0","MODELS","موديلات","review","uncertain","medium","","","","","noun","register-review","MODELS — موديلات: Register or status of this borrowing/form needs evidence. Neither automatic dialect rejection nor unsupported MSA approval.","AI-assisted linguistic review","[]","872:0","نماذج","false"
"872","3","MODELS","الموديلات","review","uncertain","medium","","","","","noun","register-review","MODELS — الموديلات: Register or status of this borrowing/form needs evidence. Neither automatic dialect rejection nor unsupported MSA approval.","AI-assisted linguistic review","[]","872:3","نماذج","false"
"880","0","SIMPLE","بسيطه","review","msa","medium","","","","","adjective","orthography-review","SIMPLE — بسيطه: Recognizable MSA expression with a spelling/hamza/letter or editorial defect. Preserve the original text and defer repair; not classified as dialect for spelling alone.","AI-assisted linguistic review","[]","880:0","بسيطة","false"
"886","0","FRIDAY","الجمعه","review","msa","medium","","","","","noun","orthography-review","FRIDAY — الجمعه: Recognizable MSA expression with a spelling/hamza/letter or editorial defect. Preserve the original text and defer repair; not classified as dialect for spelling alone.","AI-assisted linguistic review","[]","886:0","جمعة","false"
"887","0","LAKE","ليك","review","uncertain","high","false","false","false","false","noun","unsuitable-unclassified","LAKE — ليك: This rendering does not supply a natural learner equivalent of the English sense. Both directions withheld; register is unresolved so status remains review.","AI-assisted linguistic review","[]","887:0","بحيرة","false"
"887","2","LAKE","لايك","review","uncertain","high","false","false","false","false","noun","unsuitable-unclassified","LAKE — لايك: This rendering does not supply a natural learner equivalent of the English sense. Both directions withheld; register is unresolved so status remains review.","AI-assisted linguistic review","[]","887:2","بحيرة","false"
"892","0","BASIC","اساسي","review","msa","medium","","","","","adjective","orthography-review","BASIC — اساسي: Recognizable MSA expression with a spelling/hamza/letter or editorial defect. Preserve the original text and defer repair; not classified as dialect for spelling alone.","AI-assisted linguistic review","[]","892:0","الأساسي","false"
"892","1","BASIC","اساسية","review","msa","medium","","","","","adjective","orthography-review","BASIC — اساسية: Recognizable MSA expression with a spelling/hamza/letter or editorial defect. Preserve the original text and defer repair; not classified as dialect for spelling alone.","AI-assisted linguistic review","[]","892:1","الأساسي","false"
"892","2","BASIC","الاساسية","review","msa","medium","","","","","adjective","orthography-review","BASIC — الاساسية: Recognizable MSA expression with a spelling/hamza/letter or editorial defect. Preserve the original text and defer repair; not classified as dialect for spelling alone.","AI-assisted linguistic review","[]","892:2","الأساسي","false"
"895","0","CORPORATE","الشركة","review","msa","medium","","","","","adjective","construction-or-sense-review","CORPORATE — الشركة: الشركة is company; an attributive English corporate/Arabic genitive construction may be natural, but the isolated mapping needs review.","AI-assisted linguistic review","[]","895:0","الشركات","false"
"895","1","CORPORATE","الشركات","review","msa","medium","","","","","adjective","construction-or-sense-review","CORPORATE — الشركات: الشركات is companies; a corporate genitive construction may be natural but is not established by this bare record.","AI-assisted linguistic review","[]","895:1","الشركات","true"
"897","0","CHURCH","كنيسه","review","msa","medium","","","","","noun","orthography-review","CHURCH — كنيسه: Recognizable MSA expression with a spelling/hamza/letter or editorial defect. Preserve the original text and defer repair; not classified as dialect for spelling alone.","AI-assisted linguistic review","[]","897:0","الكنيسة","false"
"898","3","METHOD","اسلوب","review","msa","medium","","","","","noun","orthography-review","METHOD — اسلوب: Recognizable MSA expression with a spelling/hamza/letter or editorial defect. Preserve the original text and defer repair; not classified as dialect for spelling alone.","AI-assisted linguistic review","[]","898:3","الطريقة","false"
"898","4","METHOD","الاسلوب","review","msa","medium","","","","","noun","orthography-review","METHOD — الاسلوب: Recognizable MSA expression with a spelling/hamza/letter or editorial defect. Preserve the original text and defer repair; not classified as dialect for spelling alone.","AI-assisted linguistic review","[]","898:4","الطريقة","false"
"904","1","HARDWARE","الاجهزة","review","msa","medium","","","","","noun","orthography-review","HARDWARE — الاجهزة: Recognizable MSA expression with a spelling/hamza/letter or editorial defect. Preserve the original text and defer repair; not classified as dialect for spelling alone.","AI-assisted linguistic review","[]","904:1","الأجهزة","false"
"904","2","HARDWARE","اجهزة","review","msa","medium","","","","","noun","orthography-review","HARDWARE — اجهزة: Recognizable MSA expression with a spelling/hamza/letter or editorial defect. Preserve the original text and defer repair; not classified as dialect for spelling alone.","AI-assisted linguistic review","[]","904:2","الأجهزة","false"
"908","0","HOLIDAY","الاجازة","review","msa","medium","","","","","noun","orthography-review","HOLIDAY — الاجازة: Recognizable MSA expression with a spelling/hamza/letter or editorial defect. Preserve the original text and defer repair; not classified as dialect for spelling alone.","AI-assisted linguistic review","[]","908:0","عطلة","false"
"908","1","HOLIDAY","اجازة","review","msa","medium","","","","","noun","orthography-review","HOLIDAY — اجازة: Recognizable MSA expression with a spelling/hamza/letter or editorial defect. Preserve the original text and defer repair; not classified as dialect for spelling alone.","AI-assisted linguistic review","[]","908:1","عطلة","false"
"909","0","CHAT","شات","review","uncertain","medium","","","","","noun/verb","register-review","CHAT — شات: Register or status of this borrowing/form needs evidence. Neither automatic dialect rejection nor unsupported MSA approval.","AI-assisted linguistic review","[]","909:0","دردشة","false"
"915","0","WRITING","الكتابه","review","msa","medium","","","","","noun/verb","orthography-review","WRITING — الكتابه: Recognizable MSA expression with a spelling/hamza/letter or editorial defect. Preserve the original text and defer repair; not classified as dialect for spelling alone.","AI-assisted linguistic review","[]","915:0","الكتابة","false"
"915","2","WRITING","اكتب","review","msa","medium","","","","","noun/verb","construction-or-sense-review","WRITING — اكتب: اكتب is an imperative write. A natural action label may be possible, but the standalone WRITING mapping needs review.","AI-assisted linguistic review","[]","915:2","الكتابة","false"
"916","0","SPEED","سبيد","review","uncertain","high","false","false","false","false","noun","unsuitable-unclassified","SPEED — سبيد: This rendering does not supply a natural learner equivalent of the English sense. Both directions withheld; register is unresolved so status remains review.","AI-assisted linguistic review","[]","916:0","السرعة","false"
"921","0","BRAND","براند","review","uncertain","medium","","","","","noun","register-review","BRAND — براند: Register or status of this borrowing/form needs evidence. Neither automatic dialect rejection nor unsupported MSA approval.","AI-assisted linguistic review","[]","921:0","العلامة التجارية","false"
"922","4","DISCOUNT","خصومات","review","msa","medium","","","","","noun","construction-or-sense-review","DISCOUNT — خصومات: خصومات denotes discounts or disputes; collective discount usage needs a supported sense.","AI-assisted linguistic review","[]","922:4","خصم","false"
"923","0","HIGHER","اعلى","review","msa","medium","","","","","adjective","orthography-review","HIGHER — اعلى: Recognizable MSA expression with a spelling/hamza/letter or editorial defect. Preserve the original text and defer repair; not classified as dialect for spelling alone.","AI-assisted linguistic review","[]","923:0","أعلى","false"
"923","1","HIGHER","الاعلى","review","msa","medium","","","","","adjective","orthography-review","HIGHER — الاعلى: Recognizable MSA expression with a spelling/hamza/letter or editorial defect. Preserve the original text and defer repair; not classified as dialect for spelling alone.","AI-assisted linguistic review","[]","923:1","أعلى","false"
"924","0","EFFECTS","التاثيرات","review","msa","medium","","","","","noun","orthography-review","EFFECTS — التاثيرات: Recognizable MSA expression with a spelling/hamza/letter or editorial defect. Preserve the original text and defer repair; not classified as dialect for spelling alone.","AI-assisted linguistic review","[]","924:0","الآثار","false"
"924","1","EFFECTS","تاثيرات","review","msa","medium","","","","","noun","orthography-review","EFFECTS — تاثيرات: Recognizable MSA expression with a spelling/hamza/letter or editorial defect. Preserve the original text and defer repair; not classified as dialect for spelling alone.","AI-assisted linguistic review","[]","924:1","الآثار","false"
"926","0","REMEMBER","اتذكر","review","msa","medium","","","","","verb","orthography-review","REMEMBER — اتذكر: Recognizable MSA expression with a spelling/hamza/letter or editorial defect. Preserve the original text and defer repair; not classified as dialect for spelling alone.","AI-assisted linguistic review","[]","926:0","تذكر","false"
"930","0","YELLOW","الاصفر","review","msa","medium","","","","","adjective","orthography-review","YELLOW — الاصفر: Recognizable MSA expression with a spelling/hamza/letter or editorial defect. Preserve the original text and defer repair; not classified as dialect for spelling alone.","AI-assisted linguistic review","[]","930:0","أصفر","false"
"930","2","YELLOW","اصفر","review","msa","medium","","","","","adjective","orthography-review","YELLOW — اصفر: Recognizable MSA expression with a spelling/hamza/letter or editorial defect. Preserve the original text and defer repair; not classified as dialect for spelling alone.","AI-assisted linguistic review","[]","930:2","أصفر","false"
"933","0","ADVERTISE","الاعلان","review","msa","medium","","","","","verb","orthography-review","ADVERTISE — الاعلان: Recognizable MSA expression with a spelling/hamza/letter or editorial defect. Preserve the original text and defer repair; not classified as dialect for spelling alone.","AI-assisted linguistic review","[]","933:0","الإعلان","false"
"937","1","ENVIRONMENTAL","البيئة","review","msa","medium","","","","","adjective","construction-or-sense-review","ENVIRONMENTAL — البيئة: البيئة is environment; an Arabic genitive may translate an English adjective, but the standalone relationship remains contextual.","AI-assisted linguistic review","[]","937:1","البيئة","true"
"939","0","STUFF","اشياء","review","msa","medium","","","","","noun","orthography-review","STUFF — اشياء: Recognizable MSA expression with a spelling/hamza/letter or editorial defect. Preserve the original text and defer repair; not classified as dialect for spelling alone.","AI-assisted linguistic review","[]","939:0","الاشياء","false"
"939","1","STUFF","الاشياء","review","msa","medium","","","","","noun","orthography-review","STUFF — الاشياء: Recognizable MSA expression with a spelling/hamza/letter or editorial defect. Preserve the original text and defer repair; not classified as dialect for spelling alone.","AI-assisted linguistic review","[]","939:1","الاشياء","true"
"941","0","STORAGE","مخزن","review","msa","medium","","","","","noun","construction-or-sense-review","STORAGE — مخزن: مخزن is a storage place; storage can be space, but the intended place/activity distinction needs confirmation.","AI-assisted linguistic review","[]","941:0","التخزين","false"
"941","1","STORAGE","المخزن","review","msa","medium","","","","","noun","construction-or-sense-review","STORAGE — المخزن: المخزن is the storehouse; leave the storage-space construction for review.","AI-assisted linguistic review","[]","941:1","التخزين","false"
"943","0","DOING","القيام به","review","msa","medium","","","","","verb","construction-or-sense-review","DOING — القيام به: القيام به contains an object pronoun. Do not approve or reject solely on inflection; review the implicit object construction.","AI-assisted linguistic review","[]","943:0","القيام به","true"
"945","0","SHOES","احذية","review","msa","medium","","","","","noun","orthography-review","SHOES — احذية: Recognizable MSA expression with a spelling/hamza/letter or editorial defect. Preserve the original text and defer repair; not classified as dialect for spelling alone.","AI-assisted linguistic review","[]","945:0","أحذية","false"
"945","1","SHOES","حذاء","review","msa","medium","","","","","noun","construction-or-sense-review","SHOES — حذاء: حذاء is a shoe; an unqualified shoes mapping needs a supported collective reading.","AI-assisted linguistic review","[]","945:1","أحذية","false"
"945","2","SHOES","الحذاء","review","msa","medium","","","","","noun","construction-or-sense-review","SHOES — الحذاء: الحذاء is a shoe; retain possible collective usage for review.","AI-assisted linguistic review","[]","945:2","أحذية","false"
"945","3","SHOES","الاحذية","review","msa","medium","","","","","noun","orthography-review","SHOES — الاحذية: Recognizable MSA expression with a spelling/hamza/letter or editorial defect. Preserve the original text and defer repair; not classified as dialect for spelling alone.","AI-assisted linguistic review","[]","945:3","أحذية","false"
"947","0","STAY","ابقي","review","msa","medium","","","","","verb","orthography-review","STAY — ابقي: Recognizable MSA expression with a spelling/hamza/letter or editorial defect. Preserve the original text and defer repair; not classified as dialect for spelling alone.","AI-assisted linguistic review","[]","947:0","البقاء","false"
"949","1","ORDERS","الاوامر","review","msa","medium","","","","","noun","orthography-review","ORDERS — الاوامر: Recognizable MSA expression with a spelling/hamza/letter or editorial defect. Preserve the original text and defer repair; not classified as dialect for spelling alone.","AI-assisted linguistic review","[]","949:1","أوامر","false"
"949","2","ORDERS","اوامر","review","msa","medium","","","","","noun","orthography-review","ORDERS — اوامر: Recognizable MSA expression with a spelling/hamza/letter or editorial defect. Preserve the original text and defer repair; not classified as dialect for spelling alone.","AI-assisted linguistic review","[]","949:2","أوامر","false"
"958","1","KING","كينغ","review","uncertain","high","false","false","false","false","noun","unsuitable-unclassified","KING — كينغ: This rendering does not supply a natural learner equivalent of the English sense. Both directions withheld; register is unresolved so status remains review.","AI-assisted linguistic review","[]","958:1","الملك","false"
"958","3","KING","كينج","review","uncertain","high","false","false","false","false","noun","unsuitable-unclassified","KING — كينج: This rendering does not supply a natural learner equivalent of the English sense. Both directions withheld; register is unresolved so status remains review.","AI-assisted linguistic review","[]","958:3","الملك","false"
"959","1","MONDAY","الأثنين","review","msa","medium","","","","","noun","orthography-review","MONDAY — الأثنين: Recognizable MSA expression with a spelling/hamza/letter or editorial defect. Preserve the original text and defer repair; not classified as dialect for spelling alone.","AI-assisted linguistic review","[]","959:1","الأثنين","true"
"960","0","EUROPEAN","الاوروبي","review","msa","medium","","","","","adjective","orthography-review","EUROPEAN — الاوروبي: Recognizable MSA expression with a spelling/hamza/letter or editorial defect. Preserve the original text and defer repair; not classified as dialect for spelling alone.","AI-assisted linguistic review","[]","960:0","الأوروبيّة","false"
"960","1","EUROPEAN","الاوروبية","review","msa","medium","","","","","adjective","orthography-review","EUROPEAN — الاوروبية: Recognizable MSA expression with a spelling/hamza/letter or editorial defect. Preserve the original text and defer repair; not classified as dialect for spelling alone.","AI-assisted linguistic review","[]","960:1","الأوروبيّة","false"
"964","1","DRUG","المخدرات","review","msa","medium","","","","","noun","construction-or-sense-review","DRUG — المخدرات: المخدرات denotes narcotics collectively; the singular headword may be generic, but the intended scope needs review.","AI-assisted linguistic review","[]","964:1","المخدرات","true"
"966","3","WESTERN","غرب","review","msa","medium","","","","","adjective","construction-or-sense-review","WESTERN — غرب: غرب is west; English western normally needs a relational construction. Defer the isolated mapping rather than blanket POS exclusion.","AI-assisted linguistic review","[]","966:3","الغربية","false"
"967","0","INCOME","ايرادات","review","msa","medium","","","","","noun","orthography-review","INCOME — ايرادات: Recognizable MSA expression with a spelling/hamza/letter or editorial defect. Preserve the original text and defer repair; not classified as dialect for spelling alone.","AI-assisted linguistic review","[]","967:0","الإيرادات","false"
"967","1","INCOME","الايرادات","review","msa","medium","","","","","noun","orthography-review","INCOME — الايرادات: Recognizable MSA expression with a spelling/hamza/letter or editorial defect. Preserve the original text and defer repair; not classified as dialect for spelling alone.","AI-assisted linguistic review","[]","967:1","الإيرادات","false"
"967","4","INCOME","الإيرادات","review","msa","medium","","","","","noun","orthography-review","INCOME — الإيرادات: Recognizable MSA expression with a spelling/hamza/letter or editorial defect. Preserve the original text and defer repair; not classified as dialect for spelling alone.","AI-assisted linguistic review","[]","967:4","الإيرادات","true"
"969","3","CASH","كاش","review","uncertain","medium","","","","","noun/adverb","register-review","CASH — كاش: Register or status of this borrowing/form needs evidence. Neither automatic dialect rejection nor unsupported MSA approval.","AI-assisted linguistic review","[]","969:3","النقدية","false"
"971","0","OVERALL","اجمالا","review","msa","medium","","","","","adverb/adjective","orthography-review","OVERALL — اجمالا: Recognizable MSA expression with a spelling/hamza/letter or editorial defect. Preserve the original text and defer repair; not classified as dialect for spelling alone.","AI-assisted linguistic review","[]","971:0","عموما","false"
"972","2","BAY","باي","review","uncertain","high","false","false","false","false","noun","unsuitable-unclassified","BAY — باي: This rendering does not supply a natural learner equivalent of the English sense. Both directions withheld; register is unresolved so status remains review.","AI-assisted linguistic review","[]","972:2","خليج","false"
"973","0","RIVER","ريفر","review","uncertain","high","false","false","false","false","noun","unsuitable-unclassified","RIVER — ريفر: This rendering does not supply a natural learner equivalent of the English sense. Both directions withheld; register is unresolved so status remains review.","AI-assisted linguistic review","[]","973:0","نهر","false"
"977","1","SEEN","رايت","review","msa","medium","","","","","verb","orthography-review","SEEN — رايت: Recognizable MSA expression with a spelling/hamza/letter or editorial defect. Preserve the original text and defer repair; not classified as dialect for spelling alone.","AI-assisted linguistic review","[]","977:1","شوهد","false"
"980","3","PORT","بورت","review","uncertain","medium","","","","","noun","register-review","PORT — بورت: Register or status of this borrowing/form needs evidence. Neither automatic dialect rejection nor unsupported MSA approval.","AI-assisted linguistic review","[]","980:3","ميناء","false"
"981","0","ALBUM","الالبوم","review","msa","medium","","","","","noun","orthography-review","ALBUM — الالبوم: Recognizable MSA expression with a spelling/hamza/letter or editorial defect. Preserve the original text and defer repair; not classified as dialect for spelling alone.","AI-assisted linguistic review","[]","981:0","الألبوم","false"
"981","1","ALBUM","البوم","review","msa","medium","","","","","noun","orthography-review","ALBUM — البوم: Recognizable MSA expression with a spelling/hamza/letter or editorial defect. Preserve the original text and defer repair; not classified as dialect for spelling alone.","AI-assisted linguistic review","[]","981:1","الألبوم","false"
"982","0","REGIONAL","اقليمية","review","msa","medium","","","","","adjective","orthography-review","REGIONAL — اقليمية: Recognizable MSA expression with a spelling/hamza/letter or editorial defect. Preserve the original text and defer repair; not classified as dialect for spelling alone.","AI-assisted linguistic review","[]","982:0","الإقليمية","false"
"982","1","REGIONAL","اقليمي","review","msa","medium","","","","","adjective","orthography-review","REGIONAL — اقليمي: Recognizable MSA expression with a spelling/hamza/letter or editorial defect. Preserve the original text and defer repair; not classified as dialect for spelling alone.","AI-assisted linguistic review","[]","982:1","الإقليمية","false"
"982","2","REGIONAL","الاقليمي","review","msa","medium","","","","","adjective","orthography-review","REGIONAL — الاقليمي: Recognizable MSA expression with a spelling/hamza/letter or editorial defect. Preserve the original text and defer repair; not classified as dialect for spelling alone.","AI-assisted linguistic review","[]","982:2","الإقليمية","false"
"984","0","SUPPLIES","الامدادات","review","msa","medium","","","","","noun","orthography-review","SUPPLIES — الامدادات: Recognizable MSA expression with a spelling/hamza/letter or editorial defect. Preserve the original text and defer repair; not classified as dialect for spelling alone.","AI-assisted linguistic review","[]","984:0","اللوازم","false"
"984","2","SUPPLIES","امدادات","review","msa","medium","","","","","noun","orthography-review","SUPPLIES — امدادات: Recognizable MSA expression with a spelling/hamza/letter or editorial defect. Preserve the original text and defer repair; not classified as dialect for spelling alone.","AI-assisted linguistic review","[]","984:2","اللوازم","false"
"985","0","STARTED","بدات","review","msa","medium","","","","","verb","orthography-review","STARTED — بدات: Recognizable MSA expression with a spelling/hamza/letter or editorial defect. Preserve the original text and defer repair; not classified as dialect for spelling alone.","AI-assisted linguistic review","[]","985:0","بدأت","false"
"985","1","STARTED","بدا","review","msa","medium","","","","","verb","orthography-review","STARTED — بدا: Recognizable MSA expression with a spelling/hamza/letter or editorial defect. Preserve the original text and defer repair; not classified as dialect for spelling alone.","AI-assisted linguistic review","[]","985:1","بدأت","false"
"986","0","ADMINISTRATION","الادارة","review","msa","medium","","","","","noun","orthography-review","ADMINISTRATION — الادارة: Recognizable MSA expression with a spelling/hamza/letter or editorial defect. Preserve the original text and defer repair; not classified as dialect for spelling alone.","AI-assisted linguistic review","[]","986:0","الإدارة","false"
"987","3","BAR","البار","review","uncertain","medium","","","","","noun","register-review","BAR — البار: Register or status of this borrowing/form needs evidence. Neither automatic dialect rejection nor unsupported MSA approval.","AI-assisted linguistic review","[]","987:3","بار","false"
"987","4","BAR","بار","review","uncertain","medium","","","","","noun","register-review","BAR — بار: Register or status of this borrowing/form needs evidence. Neither automatic dialect rejection nor unsupported MSA approval.","AI-assisted linguistic review","[]","987:4","بار","true"
"989","1","VIEWS","اراء","review","msa","medium","","","","","noun","orthography-review","VIEWS — اراء: Recognizable MSA expression with a spelling/hamza/letter or editorial defect. Preserve the original text and defer repair; not classified as dialect for spelling alone.","AI-assisted linguistic review","[]","989:1","المشاهدات","false"
"989","3","VIEWS","الاراء","review","msa","medium","","","","","noun","orthography-review","VIEWS — الاراء: Recognizable MSA expression with a spelling/hamza/letter or editorial defect. Preserve the original text and defer repair; not classified as dialect for spelling alone.","AI-assisted linguistic review","[]","989:3","المشاهدات","false"
"991","0","DOUBLE","دبل","review","uncertain","medium","","","","","adjective/noun/verb","register-review","DOUBLE — دبل: Register or status of this borrowing/form needs evidence. Neither automatic dialect rejection nor unsupported MSA approval.","AI-assisted linguistic review","[]","991:0","مزدوج","false"
"996","0","TYPES","انواع","review","msa","medium","","","","","noun","orthography-review","TYPES — انواع: Recognizable MSA expression with a spelling/hamza/letter or editorial defect. Preserve the original text and defer repair; not classified as dialect for spelling alone.","AI-assisted linguistic review","[]","996:0","أنواع","false"
"996","1","TYPES","الانواع","review","msa","medium","","","","","noun","orthography-review","TYPES — الانواع: Recognizable MSA expression with a spelling/hamza/letter or editorial defect. Preserve the original text and defer repair; not classified as dialect for spelling alone.","AI-assisted linguistic review","[]","996:1","أنواع","false"
"1000","0","ELECTRONIC","الالكتروني","review","msa","medium","","","","","adjective/adverb","orthography-review","ELECTRONIC — الالكتروني: Recognizable MSA expression with a spelling/hamza/letter or editorial defect. Preserve the original text and defer repair; not classified as dialect for spelling alone.","AI-assisted linguistic review","[]","1000:0","الإلكترونية","false"
"1000","1","ELECTRONIC","الكتروني","review","msa","medium","","","","","adjective/adverb","orthography-review","ELECTRONIC — الكتروني: Recognizable MSA expression with a spelling/hamza/letter or editorial defect. Preserve the original text and defer repair; not classified as dialect for spelling alone.","AI-assisted linguistic review","[]","1000:1","الإلكترونية","false"
"1000","2","ELECTRONIC","الالكترونية","review","msa","medium","","","","","adjective/adverb","orthography-review","ELECTRONIC — الالكترونية: Recognizable MSA expression with a spelling/hamza/letter or editorial defect. Preserve the original text and defer repair; not classified as dialect for spelling alone.","AI-assisted linguistic review","[]","1000:2","الإلكترونية","false"
"1000","3","ELECTRONIC","الكترونية","review","msa","medium","","","","","adjective/adverb","orthography-review","ELECTRONIC — الكترونية: Recognizable MSA expression with a spelling/hamza/letter or editorial defect. Preserve the original text and defer repair; not classified as dialect for spelling alone.","AI-assisted linguistic review","[]","1000:3","الإلكترونية","false"
"1000","4","ELECTRONIC","الكترونيا","review","msa","medium","","","","","adjective/adverb","orthography-review","ELECTRONIC — الكترونيا: Recognizable MSA expression with a spelling/hamza/letter or editorial defect. Preserve the original text and defer repair; not classified as dialect for spelling alone.","AI-assisted linguistic review","[]","1000:4","الإلكترونية","false"
"1007","1","SOMEONE","احد","review","msa","medium","","","","","pronoun","orthography-review","SOMEONE — احد: Recognizable MSA expression with a spelling/hamza/letter or editorial defect. Preserve the original text and defer repair; not classified as dialect for spelling alone.","AI-assisted linguistic review","[]","1007:1","شخص ما","false"
"1012","1","EFFECTIVE","فعالية","review","msa","medium","","","","","adjective","construction-or-sense-review","EFFECTIVE — فعالية: فعالية is effectiveness/activity; an adjective-to-property-noun construction needs evidence before approval.","AI-assisted linguistic review","[]","1012:1","فعالة","false"
"1013","0","BELIEVE","اصدق","review","msa","medium","","","","","verb","orthography-review","BELIEVE — اصدق: Recognizable MSA expression with a spelling/hamza/letter or editorial defect. Preserve the original text and defer repair; not classified as dialect for spelling alone.","AI-assisted linguistic review","[]","1013:0","آمن","false"
"1015","0","EFFECT","الاثر","review","msa","medium","","","","","noun","orthography-review","EFFECT — الاثر: Recognizable MSA expression with a spelling/hamza/letter or editorial defect. Preserve the original text and defer repair; not classified as dialect for spelling alone.","AI-assisted linguistic review","[]","1015:0","تأثير","false"
"1015","1","EFFECT","تاثير","review","msa","medium","","","","","noun","orthography-review","EFFECT — تاثير: Recognizable MSA expression with a spelling/hamza/letter or editorial defect. Preserve the original text and defer repair; not classified as dialect for spelling alone.","AI-assisted linguistic review","[]","1015:1","تأثير","false"
"1015","2","EFFECT","التاثير","review","msa","medium","","","","","noun","orthography-review","EFFECT — التاثير: Recognizable MSA expression with a spelling/hamza/letter or editorial defect. Preserve the original text and defer repair; not classified as dialect for spelling alone.","AI-assisted linguistic review","[]","1015:2","تأثير","false"
"1016","0","ASKED","سالت","review","msa","medium","","","","","verb","orthography-review","ASKED — سالت: Recognizable MSA expression with a spelling/hamza/letter or editorial defect. Preserve the original text and defer repair; not classified as dialect for spelling alone.","AI-assisted linguistic review","[]","1016:0","سؤل","false"
"1016","1","ASKED","سؤل","review","msa","medium","","","","","verb","orthography-review","ASKED — سؤل: Recognizable MSA expression with a spelling/hamza/letter or editorial defect. Preserve the original text and defer repair; not classified as dialect for spelling alone.","AI-assisted linguistic review","[]","1016:1","سؤل","true"
"1019","0","SUNDAY","الاحد","review","msa","medium","","","","","noun","orthography-review","SUNDAY — الاحد: Recognizable MSA expression with a spelling/hamza/letter or editorial defect. Preserve the original text and defer repair; not classified as dialect for spelling alone.","AI-assisted linguistic review","[]","1019:0","الأحد:","false"
"1019","1","SUNDAY","الأحد:","review","msa","medium","","","","","noun","orthography-review","SUNDAY — الأحد:: Recognizable MSA expression with a spelling/hamza/letter or editorial defect. Preserve the original text and defer repair; not classified as dialect for spelling alone.","AI-assisted linguistic review","[]","1019:1","الأحد:","true"
"1026","0","CROSS","كروس","review","uncertain","high","false","false","false","false","noun","unsuitable-unclassified","CROSS — كروس: This rendering does not supply a natural learner equivalent of the English sense. Both directions withheld; register is unresolved so status remains review.","AI-assisted linguistic review","[]","1026:0","الصليب","false"
"1029","0","HOPE","الامل","review","msa","medium","","","","","noun","orthography-review","HOPE — الامل: Recognizable MSA expression with a spelling/hamza/letter or editorial defect. Preserve the original text and defer repair; not classified as dialect for spelling alone.","AI-assisted linguistic review","[]","1029:0","الأمل","false"
"1029","1","HOPE","هوب","review","uncertain","high","false","false","false","false","noun","unsuitable-unclassified","HOPE — هوب: This rendering does not supply a natural learner equivalent of the English sense. Both directions withheld; register is unresolved so status remains review.","AI-assisted linguistic review","[]","1029:1","الأمل","false"
"1029","2","HOPE","امل","review","msa","medium","","","","","noun","orthography-review","HOPE — امل: Recognizable MSA expression with a spelling/hamza/letter or editorial defect. Preserve the original text and defer repair; not classified as dialect for spelling alone.","AI-assisted linguistic review","[]","1029:2","الأمل","false"
"1030","3","SILVER","سيلفر","review","uncertain","high","false","false","false","false","noun/adjective","unsuitable-unclassified","SILVER — سيلفر: This rendering does not supply a natural learner equivalent of the English sense. Both directions withheld; register is unresolved so status remains review.","AI-assisted linguistic review","[]","1030:3","فضة","false"
"1032","0","WISH","اتمنى","review","msa","medium","","","","","verb/noun","orthography-review","WISH — اتمنى: Recognizable MSA expression with a spelling/hamza/letter or editorial defect. Preserve the original text and defer repair; not classified as dialect for spelling alone.","AI-assisted linguistic review","[]","1032:0","تمنياتي","false"
"1032","3","WISH","امنية","review","msa","medium","","","","","verb/noun","orthography-review","WISH — امنية: Recognizable MSA expression with a spelling/hamza/letter or editorial defect. Preserve the original text and defer repair; not classified as dialect for spelling alone.","AI-assisted linguistic review","[]","1032:3","تمنياتي","false"
"1032","4","WISH","تمنياتي","review","msa","medium","","","","","verb/noun","construction-or-sense-review","WISH — تمنياتي: Arabic is recognizable MSA, but this isolated relationship needs a supported construction/sense before approval; morphology alone is not rejection.","AI-assisted linguistic review","[]","1032:4","تمنياتي","true"
"1037","0","RATHER","بالاحرى","review","msa","medium","","","","","adverb","orthography-review","RATHER — بالاحرى: Recognizable MSA expression with a spelling/hamza/letter or editorial defect. Preserve the original text and defer repair; not classified as dialect for spelling alone.","AI-assisted linguistic review","[]","1037:0","بل بالأحرى","false"
"1038","0","WEEKS","الاسابيع","review","msa","medium","","","","","noun","orthography-review","WEEKS — الاسابيع: Recognizable MSA expression with a spelling/hamza/letter or editorial defect. Preserve the original text and defer repair; not classified as dialect for spelling alone.","AI-assisted linguistic review","[]","1038:0","أسابيع","false"
"1038","1","WEEKS","اسابيع","review","msa","medium","","","","","noun","orthography-review","WEEKS — اسابيع: Recognizable MSA expression with a spelling/hamza/letter or editorial defect. Preserve the original text and defer repair; not classified as dialect for spelling alone.","AI-assisted linguistic review","[]","1038:1","أسابيع","false"
"1041","0","SUPPLY","الامداد","review","msa","medium","","","","","noun/verb","orthography-review","SUPPLY — الامداد: Recognizable MSA expression with a spelling/hamza/letter or editorial defect. Preserve the original text and defer repair; not classified as dialect for spelling alone.","AI-assisted linguistic review","[]","1041:0","العرض","false"
"1041","2","SUPPLY","امداد","review","msa","medium","","","","","noun/verb","orthography-review","SUPPLY — امداد: Recognizable MSA expression with a spelling/hamza/letter or editorial defect. Preserve the original text and defer repair; not classified as dialect for spelling alone.","AI-assisted linguistic review","[]","1041:2","العرض","false"
"1046","0","LOWER","اقل","review","msa","medium","","","","","adjective/verb","orthography-review","LOWER — اقل: Recognizable MSA expression with a spelling/hamza/letter or editorial defect. Preserve the original text and defer repair; not classified as dialect for spelling alone.","AI-assisted linguistic review","[]","1046:0","أقل","false"
"1046","1","LOWER","اخفض","review","msa","medium","","","","","adjective/verb","orthography-review","LOWER — اخفض: Recognizable MSA expression with a spelling/hamza/letter or editorial defect. Preserve the original text and defer repair; not classified as dialect for spelling alone.","AI-assisted linguistic review","[]","1046:1","أقل","false"
"1046","2","LOWER","ادنى","review","msa","medium","","","","","adjective/verb","orthography-review","LOWER — ادنى: Recognizable MSA expression with a spelling/hamza/letter or editorial defect. Preserve the original text and defer repair; not classified as dialect for spelling alone.","AI-assisted linguistic review","[]","1046:2","أقل","false"
"1048","2","UNION","يونيون","review","uncertain","high","false","false","false","false","noun","unsuitable-unclassified","UNION — يونيون: This rendering does not supply a natural learner equivalent of the English sense. Both directions withheld; register is unresolved so status remains review.","AI-assisted linguistic review","[]","1048:2","الاتحاد","false"
"1055","0","NAMES","اسماء","review","msa","medium","","","","","noun","orthography-review","NAMES — اسماء: Recognizable MSA expression with a spelling/hamza/letter or editorial defect. Preserve the original text and defer repair; not classified as dialect for spelling alone.","AI-assisted linguistic review","[]","1055:0","الأسماء","false"
"1055","1","NAMES","الاسماء","review","msa","medium","","","","","noun","orthography-review","NAMES — الاسماء: Recognizable MSA expression with a spelling/hamza/letter or editorial defect. Preserve the original text and defer repair; not classified as dialect for spelling alone.","AI-assisted linguistic review","[]","1055:1","الأسماء","false"
"1058","0","HOUR","ساعه","review","msa","medium","","","","","noun","orthography-review","HOUR — ساعه: Recognizable MSA expression with a spelling/hamza/letter or editorial defect. Preserve the original text and defer repair; not classified as dialect for spelling alone.","AI-assisted linguistic review","[]","1058:0","الساعة","false"
"1065","3","CAREER","مسيرته المهنية","review","msa","medium","","","","","noun","construction-or-sense-review","CAREER — مسيرته المهنية: مسيرته المهنية means his professional career. Review the added possessor in a supported construction, without deleting it.","AI-assisted linguistic review","[]","1065:3","مسيرته المهنية","true"
"1066","2","MILITARY","الجيش","review","msa","medium","","","","","adjective/noun","construction-or-sense-review","MILITARY — الجيش: الجيش is army; military can denote armed forces, but whether narrowing to army is fair needs review.","AI-assisted linguistic review","[]","1066:2","الأفراد العسكريون","false"
"1067","0","RENTAL","ايجار","review","msa","medium","","","","","noun","orthography-review","RENTAL — ايجار: Recognizable MSA expression with a spelling/hamza/letter or editorial defect. Preserve the original text and defer repair; not classified as dialect for spelling alone.","AI-assisted linguistic review","[]","1067:0","تأجير","false"
"1068","3","DECISION","مقرر","review","msa","medium","","","","","noun","construction-or-sense-review","DECISION — مقرر: مقرر can be decided/prescribed/course/rapporteur; the intended decision-noun reading is not clear enough to certify.","AI-assisted linguistic review","[]","1068:3","مقرر","true"
"1071","3","TEENS","المراهقة","review","msa","medium","","","","","noun","construction-or-sense-review","TEENS — المراهقة: المراهقة is adolescence; teens can denote a life period, but distinguish that from people in their teens before approval.","AI-assisted linguistic review","[]","1071:3","مراهقون","false"
"1074","0","WOMAN","امراة","review","msa","medium","","","","","noun","orthography-review","WOMAN — امراة: Recognizable MSA expression with a spelling/hamza/letter or editorial defect. Preserve the original text and defer repair; not classified as dialect for spelling alone.","AI-assisted linguistic review","[]","1074:0","امرأة","false"
"1074","1","WOMAN","المراة","review","msa","medium","","","","","noun","orthography-review","WOMAN — المراة: Recognizable MSA expression with a spelling/hamza/letter or editorial defect. Preserve the original text and defer repair; not classified as dialect for spelling alone.","AI-assisted linguistic review","[]","1074:1","امرأة","false"
"1076","0","ZIP","زيب","review","uncertain","high","false","false","false","false","noun","unsuitable-unclassified","ZIP — زيب: This rendering does not supply a natural learner equivalent of the English sense. Both directions withheld; register is unresolved so status remains review.","AI-assisted linguistic review","[]","1076:0","الرمز البريدي","false"
"1076","1","ZIP","الرمز البريدي","review","msa","medium","","","","","noun","construction-or-sense-review","ZIP — الرمز البريدي: الرمز البريدي can translate US ZIP code, but this is the bare general ZIP headword; preserve the possible postal sense for review.","AI-assisted linguistic review","[]","1076:1","الرمز البريدي","true"
"1080","0","MIDDLE","الاوسط","review","msa","medium","","","","","noun/adjective","orthography-review","MIDDLE — الاوسط: Recognizable MSA expression with a spelling/hamza/letter or editorial defect. Preserve the original text and defer repair; not classified as dialect for spelling alone.","AI-assisted linguistic review","[]","1080:0","وسط","false"
