seed,size,mode,policy,success,generationMs,entries,intersections,candidateCount,candidateLengths,solverAttempts,timeoutChecks,viableTemplates,totalTemplates,validationErrors,qualityErrors,failureReason
"1","7","en_to_ar","approved-only","true","4.371041999998852","26","36","2000","{""2"":76,""3"":385,""4"":385,""5"":385,""6"":385,""7"":384}","1","0","6","6","[]","[]",""
"1","7","ar_to_en","approved-only","true","12.664625000001251","22","41","1851","{""2"":15,""3"":182,""4"":392,""5"":398,""6"":408,""7"":456}","1","0","24","24","[]","[]",""
"1","9","en_to_ar","approved-only","true","79.52683399999842","40","60","2000","{""2"":80,""3"":307,""4"":307,""5"":307,""6"":307,""7"":306,""8"":262,""9"":124}","1","0","6","6","[]","[]",""
"1","9","ar_to_en","approved-only","true","706.8393749999996","32","64","2272","{""2"":15,""3"":182,""4"":392,""5"":398,""6"":408,""7"":456,""8"":220,""9"":201}","5","11","24","24","[]","[]",""
"1","11","en_to_ar","approved-only","true","12.540124999999534","59","85","2000","{""2"":80,""3"":280,""4"":281,""5"":281,""6"":281,""7"":281,""8"":280,""9"":154,""10"":49,""11"":33}","1","0","6","6","[]","[]",""
"1","11","ar_to_en","approved-only","false","4502.396375","0","0","2426","{""2"":15,""3"":182,""4"":392,""5"":398,""6"":408,""7"":456,""8"":220,""9"":201,""10"":75,""11"":79}","39","54","24","24","[]","[]","solver_deadline_observed_root_cause_unestablished"
"1","13","en_to_ar","approved-only","true","105.13450000000012","82","119","2000","{""2"":80,""3"":272,""4"":273,""5"":273,""6"":273,""7"":273,""8"":272,""9"":167,""10"":51,""11"":34,""12"":25,""13"":7}","1","0","6","6","[]","[]",""
"1","13","ar_to_en","approved-only","false","4516.928957999997","0","0","2477","{""2"":15,""3"":182,""4"":392,""5"":398,""6"":408,""7"":456,""8"":220,""9"":201,""10"":75,""11"":79,""12"":18,""13"":33}","134","45","24","24","[]","[]","solver_deadline_observed_root_cause_unestablished"
"2","7","en_to_ar","approved-only","true","4.590625000000728","26","35","2000","{""2"":76,""3"":385,""4"":385,""5"":385,""6"":385,""7"":384}","1","0","6","6","[]","[]",""
"2","7","ar_to_en","approved-only","true","6.667042000000947","22","41","1851","{""2"":15,""3"":182,""4"":392,""5"":398,""6"":408,""7"":456}","1","0","24","24","[]","[]",""
"2","9","en_to_ar","approved-only","true","1511.712707999999","42","60","2000","{""2"":80,""3"":307,""4"":307,""5"":307,""6"":307,""7"":306,""8"":262,""9"":124}","2","22","6","6","[]","[]",""
"2","9","ar_to_en","approved-only","true","1533.694792000002","32","62","2272","{""2"":15,""3"":182,""4"":392,""5"":398,""6"":408,""7"":456,""8"":220,""9"":201}","10","34","24","24","[]","[]",""
"2","11","en_to_ar","approved-only","false","1804.2032919999983","0","0","2000","{""2"":80,""3"":280,""4"":281,""5"":281,""6"":281,""7"":281,""8"":280,""9"":154,""10"":49,""11"":33}","2","57","6","6","[]","[]","solver_deadline_observed_root_cause_unestablished"
"2","11","ar_to_en","approved-only","false","4503.091124999999","0","0","2426","{""2"":15,""3"":182,""4"":392,""5"":398,""6"":408,""7"":456,""8"":220,""9"":201,""10"":75,""11"":79}","56","51","24","24","[]","[]","solver_deadline_observed_root_cause_unestablished"
"2","13","en_to_ar","approved-only","false","1805.8944579999952","0","0","2000","{""2"":80,""3"":272,""4"":273,""5"":273,""6"":273,""7"":273,""8"":272,""9"":167,""10"":51,""11"":34,""12"":25,""13"":7}","2","55","6","6","[]","[]","solver_deadline_observed_root_cause_unestablished"
"2","13","ar_to_en","approved-only","false","4515.108999999997","0","0","2477","{""2"":15,""3"":182,""4"":392,""5"":398,""6"":408,""7"":456,""8"":220,""9"":201,""10"":75,""11"":79,""12"":18,""13"":33}","142","42","24","24","[]","[]","solver_deadline_observed_root_cause_unestablished"
"3","7","en_to_ar","approved-only","true","4.0097919999971054","26","35","2000","{""2"":76,""3"":385,""4"":385,""5"":385,""6"":385,""7"":384}","1","0","6","6","[]","[]",""
"3","7","ar_to_en","approved-only","true","145.32891599999857","22","41","1851","{""2"":15,""3"":182,""4"":392,""5"":398,""6"":408,""7"":456}","2","5","24","24","[]","[]",""
"3","9","en_to_ar","approved-only","true","16.812458000000333","40","59","2000","{""2"":80,""3"":307,""4"":307,""5"":307,""6"":307,""7"":306,""8"":262,""9"":124}","1","0","6","6","[]","[]",""
"3","9","ar_to_en","approved-only","true","1273.4708750000063","32","64","2272","{""2"":15,""3"":182,""4"":392,""5"":398,""6"":408,""7"":456,""8"":220,""9"":201}","8","30","24","24","[]","[]",""
"3","11","en_to_ar","approved-only","true","98.57829199999833","62","87","2000","{""2"":80,""3"":280,""4"":281,""5"":281,""6"":281,""7"":281,""8"":280,""9"":154,""10"":49,""11"":33}","1","0","6","6","[]","[]",""
"3","11","ar_to_en","approved-only","false","4504.046125000001","0","0","2426","{""2"":15,""3"":182,""4"":392,""5"":398,""6"":408,""7"":456,""8"":220,""9"":201,""10"":75,""11"":79}","48","57","24","24","[]","[]","solver_deadline_observed_root_cause_unestablished"
"3","13","en_to_ar","approved-only","false","1806.8894169999985","0","0","2000","{""2"":80,""3"":272,""4"":273,""5"":273,""6"":273,""7"":273,""8"":272,""9"":167,""10"":51,""11"":34,""12"":25,""13"":7}","2","31","6","6","[]","[]","solver_deadline_observed_root_cause_unestablished"
"3","13","ar_to_en","approved-only","false","4518.055084","0","0","2477","{""2"":15,""3"":182,""4"":392,""5"":398,""6"":408,""7"":456,""8"":220,""9"":201,""10"":75,""11"":79,""12"":18,""13"":33}","132","48","24","24","[]","[]","solver_deadline_observed_root_cause_unestablished"
"4","7","en_to_ar","approved-only","true","5.364457999996375","26","37","2000","{""2"":76,""3"":385,""4"":385,""5"":385,""6"":385,""7"":384}","1","0","6","6","[]","[]",""
"4","7","ar_to_en","approved-only","true","5.567290999999386","22","41","1851","{""2"":15,""3"":182,""4"":392,""5"":398,""6"":408,""7"":456}","1","0","24","24","[]","[]",""
"4","9","en_to_ar","approved-only","true","877.2615420000002","42","57","2000","{""2"":80,""3"":307,""4"":307,""5"":307,""6"":307,""7"":306,""8"":262,""9"":124}","2","21","6","6","[]","[]",""
"4","9","ar_to_en","approved-only","true","582.0975829999952","32","64","2272","{""2"":15,""3"":182,""4"":392,""5"":398,""6"":408,""7"":456,""8"":220,""9"":201}","4","8","24","24","[]","[]",""
"4","11","en_to_ar","approved-only","true","1035.7802499999962","59","85","2000","{""2"":80,""3"":280,""4"":281,""5"":281,""6"":281,""7"":281,""8"":280,""9"":154,""10"":49,""11"":33}","2","15","6","6","[]","[]",""
"4","11","ar_to_en","approved-only","true","3070.284958999997","44","88","2426","{""2"":15,""3"":182,""4"":392,""5"":398,""6"":408,""7"":456,""8"":220,""9"":201,""10"":75,""11"":79}","34","37","24","24","[]","[]",""
"4","13","en_to_ar","approved-only","true","1101.624042000003","82","119","2000","{""2"":80,""3"":272,""4"":273,""5"":273,""6"":273,""7"":273,""8"":272,""9"":167,""10"":51,""11"":34,""12"":25,""13"":7}","2","19","6","6","[]","[]",""
"4","13","ar_to_en","approved-only","false","4514.7935","0","0","2477","{""2"":15,""3"":182,""4"":392,""5"":398,""6"":408,""7"":456,""8"":220,""9"":201,""10"":75,""11"":79,""12"":18,""13"":33}","138","42","24","24","[]","[]","solver_deadline_observed_root_cause_unestablished"
"5","7","en_to_ar","approved-only","true","3.1348330000037095","24","36","2000","{""2"":76,""3"":385,""4"":385,""5"":385,""6"":385,""7"":384}","1","0","6","6","[]","[]",""
"5","7","ar_to_en","approved-only","true","6.747624999996333","22","41","1851","{""2"":15,""3"":182,""4"":392,""5"":398,""6"":408,""7"":456}","1","0","24","24","[]","[]",""
"5","9","en_to_ar","approved-only","true","6.851541999996698","44","57","2000","{""2"":80,""3"":307,""4"":307,""5"":307,""6"":307,""7"":306,""8"":262,""9"":124}","1","0","6","6","[]","[]",""
"5","9","ar_to_en","approved-only","true","633.7301250000019","32","64","2272","{""2"":15,""3"":182,""4"":392,""5"":398,""6"":408,""7"":456,""8"":220,""9"":201}","4","8","24","24","[]","[]",""
"5","11","en_to_ar","approved-only","false","1803.9161250000034","0","0","2000","{""2"":80,""3"":280,""4"":281,""5"":281,""6"":281,""7"":281,""8"":280,""9"":154,""10"":49,""11"":33}","2","14","6","6","[]","[]","solver_deadline_observed_root_cause_unestablished"
"5","11","ar_to_en","approved-only","false","4505.293917000003","0","0","2426","{""2"":15,""3"":182,""4"":392,""5"":398,""6"":408,""7"":456,""8"":220,""9"":201,""10"":75,""11"":79}","54","56","24","24","[]","[]","solver_deadline_observed_root_cause_unestablished"
"5","13","en_to_ar","approved-only","false","1806.9839999999967","0","0","2000","{""2"":80,""3"":272,""4"":273,""5"":273,""6"":273,""7"":273,""8"":272,""9"":167,""10"":51,""11"":34,""12"":25,""13"":7}","2","74","6","6","[]","[]","solver_deadline_observed_root_cause_unestablished"
"5","13","ar_to_en","approved-only","false","4515.817624999996","0","0","2477","{""2"":15,""3"":182,""4"":392,""5"":398,""6"":408,""7"":456,""8"":220,""9"":201,""10"":75,""11"":79,""12"":18,""13"":33}","157","45","24","24","[]","[]","solver_deadline_observed_root_cause_unestablished"
"6","7","en_to_ar","approved-only","true","4.914208000001963","26","36","2000","{""2"":76,""3"":385,""4"":385,""5"":385,""6"":385,""7"":384}","1","0","6","6","[]","[]",""
"6","7","ar_to_en","approved-only","true","5.7664999999979045","22","41","1851","{""2"":15,""3"":182,""4"":392,""5"":398,""6"":408,""7"":456}","1","0","24","24","[]","[]",""
"6","9","en_to_ar","approved-only","true","12.018917000008514","42","59","2000","{""2"":80,""3"":307,""4"":307,""5"":307,""6"":307,""7"":306,""8"":262,""9"":124}","1","0","6","6","[]","[]",""
"6","9","ar_to_en","approved-only","true","419.6439160000009","32","64","2272","{""2"":15,""3"":182,""4"":392,""5"":398,""6"":408,""7"":456,""8"":220,""9"":201}","3","4","24","24","[]","[]",""
"6","11","en_to_ar","approved-only","false","1804.109958999994","0","0","2000","{""2"":80,""3"":280,""4"":281,""5"":281,""6"":281,""7"":281,""8"":280,""9"":154,""10"":49,""11"":33}","2","57","6","6","[]","[]","solver_deadline_observed_root_cause_unestablished"
"6","11","ar_to_en","approved-only","false","4503.881666000001","0","0","2426","{""2"":15,""3"":182,""4"":392,""5"":398,""6"":408,""7"":456,""8"":220,""9"":201,""10"":75,""11"":79}","46","63","24","24","[]","[]","solver_deadline_observed_root_cause_unestablished"
"6","13","en_to_ar","approved-only","false","1807.791790999996","0","0","2000","{""2"":80,""3"":272,""4"":273,""5"":273,""6"":273,""7"":273,""8"":272,""9"":167,""10"":51,""11"":34,""12"":25,""13"":7}","2","63","6","6","[]","[]","solver_deadline_observed_root_cause_unestablished"
"6","13","ar_to_en","approved-only","false","4518.353084000002","0","0","2477","{""2"":15,""3"":182,""4"":392,""5"":398,""6"":408,""7"":456,""8"":220,""9"":201,""10"":75,""11"":79,""12"":18,""13"":33}","139","40","24","24","[]","[]","solver_deadline_observed_root_cause_unestablished"
"7","7","en_to_ar","approved-only","true","4.3982080000132555","26","36","2000","{""2"":76,""3"":385,""4"":385,""5"":385,""6"":385,""7"":384}","1","0","6","6","[]","[]",""
"7","7","ar_to_en","approved-only","true","4.994208999996772","22","41","1851","{""2"":15,""3"":182,""4"":392,""5"":398,""6"":408,""7"":456}","1","0","24","24","[]","[]",""
"7","9","en_to_ar","approved-only","true","19.712249999996857","42","57","2000","{""2"":80,""3"":307,""4"":307,""5"":307,""6"":307,""7"":306,""8"":262,""9"":124}","1","0","6","6","[]","[]",""
"7","9","ar_to_en","approved-only","true","379.8394169999956","32","64","2272","{""2"":15,""3"":182,""4"":392,""5"":398,""6"":408,""7"":456,""8"":220,""9"":201}","3","6","24","24","[]","[]",""
"7","11","en_to_ar","approved-only","true","1034.9271249999874","60","85","2000","{""2"":80,""3"":280,""4"":281,""5"":281,""6"":281,""7"":281,""8"":280,""9"":154,""10"":49,""11"":33}","2","25","6","6","[]","[]",""
"7","11","ar_to_en","approved-only","false","4503.540875000006","0","0","2426","{""2"":15,""3"":182,""4"":392,""5"":398,""6"":408,""7"":456,""8"":220,""9"":201,""10"":75,""11"":79}","46","54","24","24","[]","[]","solver_deadline_observed_root_cause_unestablished"
"7","13","en_to_ar","approved-only","true","73.27562499999476","80","120","2000","{""2"":80,""3"":272,""4"":273,""5"":273,""6"":273,""7"":273,""8"":272,""9"":167,""10"":51,""11"":34,""12"":25,""13"":7}","1","0","6","6","[]","[]",""
"7","13","ar_to_en","approved-only","false","4515.661332999996","0","0","2477","{""2"":15,""3"":182,""4"":392,""5"":398,""6"":408,""7"":456,""8"":220,""9"":201,""10"":75,""11"":79,""12"":18,""13"":33}","108","44","24","24","[]","[]","solver_deadline_observed_root_cause_unestablished"
"8","7","en_to_ar","approved-only","true","586.9745830000029","25","35","2000","{""2"":76,""3"":385,""4"":385,""5"":385,""6"":385,""7"":384}","2","10","6","6","[]","[]",""
"8","7","ar_to_en","approved-only","true","11.269499999994878","22","41","1851","{""2"":15,""3"":182,""4"":392,""5"":398,""6"":408,""7"":456}","1","0","24","24","[]","[]",""
"8","9","en_to_ar","approved-only","true","4.7302500000078","42","60","2000","{""2"":80,""3"":307,""4"":307,""5"":307,""6"":307,""7"":306,""8"":262,""9"":124}","1","0","6","6","[]","[]",""
"8","9","ar_to_en","approved-only","true","635.9473750000034","32","64","2272","{""2"":15,""3"":182,""4"":392,""5"":398,""6"":408,""7"":456,""8"":220,""9"":201}","4","7","24","24","[]","[]",""
"8","11","en_to_ar","approved-only","true","74.99608300000546","58","86","2000","{""2"":80,""3"":280,""4"":281,""5"":281,""6"":281,""7"":281,""8"":280,""9"":154,""10"":49,""11"":33}","1","0","6","6","[]","[]",""
"8","11","ar_to_en","approved-only","true","3413.449416999996","44","88","2426","{""2"":15,""3"":182,""4"":392,""5"":398,""6"":408,""7"":456,""8"":220,""9"":201,""10"":75,""11"":79}","43","35","24","24","[]","[]",""
"8","13","en_to_ar","approved-only","false","1806.8134580000042","0","0","2000","{""2"":80,""3"":272,""4"":273,""5"":273,""6"":273,""7"":273,""8"":272,""9"":167,""10"":51,""11"":34,""12"":25,""13"":7}","2","63","6","6","[]","[]","solver_deadline_observed_root_cause_unestablished"
"8","13","ar_to_en","approved-only","false","4516.99837500001","0","0","2477","{""2"":15,""3"":182,""4"":392,""5"":398,""6"":408,""7"":456,""8"":220,""9"":201,""10"":75,""11"":79,""12"":18,""13"":33}","116","45","24","24","[]","[]","solver_deadline_observed_root_cause_unestablished"
"9","7","en_to_ar","approved-only","true","3.869875000003958","25","35","2000","{""2"":76,""3"":385,""4"":385,""5"":385,""6"":385,""7"":384}","1","0","6","6","[]","[]",""
"9","7","ar_to_en","approved-only","true","13.042167000006884","22","41","1851","{""2"":15,""3"":182,""4"":392,""5"":398,""6"":408,""7"":456}","1","0","24","24","[]","[]",""
"9","9","en_to_ar","approved-only","true","857.664499999999","44","60","2000","{""2"":80,""3"":307,""4"":307,""5"":307,""6"":307,""7"":306,""8"":262,""9"":124}","2","16","6","6","[]","[]",""
"9","9","ar_to_en","approved-only","true","1082.7172500000015","32","64","2272","{""2"":15,""3"":182,""4"":392,""5"":398,""6"":408,""7"":456,""8"":220,""9"":201}","7","18","24","24","[]","[]",""
"9","11","en_to_ar","approved-only","false","1804.138500000001","0","0","2000","{""2"":80,""3"":280,""4"":281,""5"":281,""6"":281,""7"":281,""8"":280,""9"":154,""10"":49,""11"":33}","2","37","6","6","[]","[]","solver_deadline_observed_root_cause_unestablished"
"9","11","ar_to_en","approved-only","false","4503.194042000003","0","0","2426","{""2"":15,""3"":182,""4"":392,""5"":398,""6"":408,""7"":456,""8"":220,""9"":201,""10"":75,""11"":79}","43","50","24","24","[]","[]","solver_deadline_observed_root_cause_unestablished"
"9","13","en_to_ar","approved-only","false","1805.9217079999944","0","0","2000","{""2"":80,""3"":272,""4"":273,""5"":273,""6"":273,""7"":273,""8"":272,""9"":167,""10"":51,""11"":34,""12"":25,""13"":7}","2","41","6","6","[]","[]","solver_deadline_observed_root_cause_unestablished"
"9","13","ar_to_en","approved-only","false","4514.388915999996","0","0","2477","{""2"":15,""3"":182,""4"":392,""5"":398,""6"":408,""7"":456,""8"":220,""9"":201,""10"":75,""11"":79,""12"":18,""13"":33}","148","43","24","24","[]","[]","solver_deadline_observed_root_cause_unestablished"
"10","7","en_to_ar","approved-only","true","3.4212079999997513","25","35","2000","{""2"":76,""3"":385,""4"":385,""5"":385,""6"":385,""7"":384}","1","0","6","6","[]","[]",""
"10","7","ar_to_en","approved-only","true","19.111708000011276","22","41","1851","{""2"":15,""3"":182,""4"":392,""5"":398,""6"":408,""7"":456}","1","0","24","24","[]","[]",""
"10","9","en_to_ar","approved-only","true","856.8217909999948","40","57","2000","{""2"":80,""3"":307,""4"":307,""5"":307,""6"":307,""7"":306,""8"":262,""9"":124}","2","24","6","6","[]","[]",""
"10","9","ar_to_en","approved-only","true","1202.8657919999969","32","64","2272","{""2"":15,""3"":182,""4"":392,""5"":398,""6"":408,""7"":456,""8"":220,""9"":201}","8","18","24","24","[]","[]",""
"10","11","en_to_ar","approved-only","true","13.175250000000233","62","85","2000","{""2"":80,""3"":280,""4"":281,""5"":281,""6"":281,""7"":281,""8"":280,""9"":154,""10"":49,""11"":33}","1","0","6","6","[]","[]",""
"10","11","ar_to_en","approved-only","false","4503.811167000007","0","0","2426","{""2"":15,""3"":182,""4"":392,""5"":398,""6"":408,""7"":456,""8"":220,""9"":201,""10"":75,""11"":79}","50","57","24","24","[]","[]","solver_deadline_observed_root_cause_unestablished"
"10","13","en_to_ar","approved-only","true","374.4510420000006","88","120","2000","{""2"":80,""3"":272,""4"":273,""5"":273,""6"":273,""7"":273,""8"":272,""9"":167,""10"":51,""11"":34,""12"":25,""13"":7}","1","0","6","6","[]","[]",""
"10","13","ar_to_en","approved-only","false","4513.35712499998","0","0","2477","{""2"":15,""3"":182,""4"":392,""5"":398,""6"":408,""7"":456,""8"":220,""9"":201,""10"":75,""11"":79,""12"":18,""13"":33}","127","49","24","24","[]","[]","solver_deadline_observed_root_cause_unestablished"
"11","7","en_to_ar","approved-only","true","2.689874999981839","26","36","2000","{""2"":76,""3"":385,""4"":385,""5"":385,""6"":385,""7"":384}","1","0","6","6","[]","[]",""
"11","7","ar_to_en","approved-only","true","15.059166999999434","22","41","1851","{""2"":15,""3"":182,""4"":392,""5"":398,""6"":408,""7"":456}","1","0","24","24","[]","[]",""
"11","9","en_to_ar","approved-only","true","9.602958000003127","40","57","2000","{""2"":80,""3"":307,""4"":307,""5"":307,""6"":307,""7"":306,""8"":262,""9"":124}","1","0","6","6","[]","[]",""
"11","9","ar_to_en","approved-only","true","193.4371669999964","32","64","2272","{""2"":15,""3"":182,""4"":392,""5"":398,""6"":408,""7"":456,""8"":220,""9"":201}","2","4","24","24","[]","[]",""
"11","11","en_to_ar","approved-only","false","1803.8242500000051","0","0","2000","{""2"":80,""3"":280,""4"":281,""5"":281,""6"":281,""7"":281,""8"":280,""9"":154,""10"":49,""11"":33}","2","50","6","6","[]","[]","solver_deadline_observed_root_cause_unestablished"
"11","11","ar_to_en","approved-only","false","4501.892790999991","0","0","2426","{""2"":15,""3"":182,""4"":392,""5"":398,""6"":408,""7"":456,""8"":220,""9"":201,""10"":75,""11"":79}","39","74","24","24","[]","[]","solver_deadline_observed_root_cause_unestablished"
"11","13","en_to_ar","approved-only","false","1806.9885829999985","0","0","2000","{""2"":80,""3"":272,""4"":273,""5"":273,""6"":273,""7"":273,""8"":272,""9"":167,""10"":51,""11"":34,""12"":25,""13"":7}","2","62","6","6","[]","[]","solver_deadline_observed_root_cause_unestablished"
"11","13","ar_to_en","approved-only","false","4518.4280410000065","0","0","2477","{""2"":15,""3"":182,""4"":392,""5"":398,""6"":408,""7"":456,""8"":220,""9"":201,""10"":75,""11"":79,""12"":18,""13"":33}","178","38","24","24","[]","[]","solver_deadline_observed_root_cause_unestablished"
"12","7","en_to_ar","approved-only","true","1061.0611250000075","24","38","2000","{""2"":76,""3"":385,""4"":385,""5"":385,""6"":385,""7"":384}","3","21","6","6","[]","[]",""
"12","7","ar_to_en","approved-only","true","163.2996250000142","22","41","1851","{""2"":15,""3"":182,""4"":392,""5"":398,""6"":408,""7"":456}","2","9","24","24","[]","[]",""
"12","9","en_to_ar","approved-only","true","8.933249999972759","42","57","2000","{""2"":80,""3"":307,""4"":307,""5"":307,""6"":307,""7"":306,""8"":262,""9"":124}","1","0","6","6","[]","[]",""
"12","9","ar_to_en","approved-only","true","714.7021249999816","32","64","2272","{""2"":15,""3"":182,""4"":392,""5"":398,""6"":408,""7"":456,""8"":220,""9"":201}","5","13","24","24","[]","[]",""
"12","11","en_to_ar","approved-only","false","1804.315333000006","0","0","2000","{""2"":80,""3"":280,""4"":281,""5"":281,""6"":281,""7"":281,""8"":280,""9"":154,""10"":49,""11"":33}","2","50","6","6","[]","[]","solver_deadline_observed_root_cause_unestablished"
"12","11","ar_to_en","approved-only","true","3905.2168339999916","44","88","2426","{""2"":15,""3"":182,""4"":392,""5"":398,""6"":408,""7"":456,""8"":220,""9"":201,""10"":75,""11"":79}","52","45","24","24","[]","[]",""
"12","13","en_to_ar","approved-only","true","165.3108329999959","82","119","2000","{""2"":80,""3"":272,""4"":273,""5"":273,""6"":273,""7"":273,""8"":272,""9"":167,""10"":51,""11"":34,""12"":25,""13"":7}","1","0","6","6","[]","[]",""
"12","13","ar_to_en","approved-only","false","4516.187041999976","0","0","2477","{""2"":15,""3"":182,""4"":392,""5"":398,""6"":408,""7"":456,""8"":220,""9"":201,""10"":75,""11"":79,""12"":18,""13"":33}","128","45","24","24","[]","[]","solver_deadline_observed_root_cause_unestablished"
"13","7","en_to_ar","approved-only","true","3.6264589999918826","25","35","2000","{""2"":76,""3"":385,""4"":385,""5"":385,""6"":385,""7"":384}","1","0","6","6","[]","[]",""
"13","7","ar_to_en","approved-only","true","42.87112500000512","22","41","1851","{""2"":15,""3"":182,""4"":392,""5"":398,""6"":408,""7"":456}","1","0","24","24","[]","[]",""
"13","9","en_to_ar","approved-only","false","1703.3828330000106","0","0","2000","{""2"":80,""3"":307,""4"":307,""5"":307,""6"":307,""7"":306,""8"":262,""9"":124}","2","31","6","6","[]","[]","solver_deadline_observed_root_cause_unestablished"
"13","9","ar_to_en","approved-only","true","926.3611670000246","32","64","2272","{""2"":15,""3"":182,""4"":392,""5"":398,""6"":408,""7"":456,""8"":220,""9"":201}","6","14","24","24","[]","[]",""
"13","11","en_to_ar","approved-only","true","202.58579100001953","59","85","2000","{""2"":80,""3"":280,""4"":281,""5"":281,""6"":281,""7"":281,""8"":280,""9"":154,""10"":49,""11"":33}","1","0","6","6","[]","[]",""
"13","11","ar_to_en","approved-only","false","4502.254042000015","0","0","2426","{""2"":15,""3"":182,""4"":392,""5"":398,""6"":408,""7"":456,""8"":220,""9"":201,""10"":75,""11"":79}","48","55","24","24","[]","[]","solver_deadline_observed_root_cause_unestablished"
"13","13","en_to_ar","approved-only","true","218.9059169999964","80","119","2000","{""2"":80,""3"":272,""4"":273,""5"":273,""6"":273,""7"":273,""8"":272,""9"":167,""10"":51,""11"":34,""12"":25,""13"":7}","21","0","6","6","[]","[]",""
"13","13","ar_to_en","approved-only","false","4517.789791999996","0","0","2477","{""2"":15,""3"":182,""4"":392,""5"":398,""6"":408,""7"":456,""8"":220,""9"":201,""10"":75,""11"":79,""12"":18,""13"":33}","120","45","24","24","[]","[]","solver_deadline_observed_root_cause_unestablished"
"14","7","en_to_ar","approved-only","true","41.36366599999019","24","36","2000","{""2"":76,""3"":385,""4"":385,""5"":385,""6"":385,""7"":384}","1","0","6","6","[]","[]",""
"14","7","ar_to_en","approved-only","true","13.887791999994079","22","41","1851","{""2"":15,""3"":182,""4"":392,""5"":398,""6"":408,""7"":456}","1","0","24","24","[]","[]",""
"14","9","en_to_ar","approved-only","true","854.8539579999924","43","57","2000","{""2"":80,""3"":307,""4"":307,""5"":307,""6"":307,""7"":306,""8"":262,""9"":124}","2","19","6","6","[]","[]",""
"14","9","ar_to_en","approved-only","true","227.56037500000093","32","64","2272","{""2"":15,""3"":182,""4"":392,""5"":398,""6"":408,""7"":456,""8"":220,""9"":201}","2","3","24","24","[]","[]",""
"14","11","en_to_ar","approved-only","false","1803.8017909999762","0","0","2000","{""2"":80,""3"":280,""4"":281,""5"":281,""6"":281,""7"":281,""8"":280,""9"":154,""10"":49,""11"":33}","2","45","6","6","[]","[]","solver_deadline_observed_root_cause_unestablished"
"14","11","ar_to_en","approved-only","true","3424.923999999999","44","88","2426","{""2"":15,""3"":182,""4"":392,""5"":398,""6"":408,""7"":456,""8"":220,""9"":201,""10"":75,""11"":79}","39","42","24","24","[]","[]",""
"14","13","en_to_ar","approved-only","false","1806.969624999998","0","0","2000","{""2"":80,""3"":272,""4"":273,""5"":273,""6"":273,""7"":273,""8"":272,""9"":167,""10"":51,""11"":34,""12"":25,""13"":7}","2","48","6","6","[]","[]","solver_deadline_observed_root_cause_unestablished"
"14","13","ar_to_en","approved-only","false","4516.681290999986","0","0","2477","{""2"":15,""3"":182,""4"":392,""5"":398,""6"":408,""7"":456,""8"":220,""9"":201,""10"":75,""11"":79,""12"":18,""13"":33}","156","45","24","24","[]","[]","solver_deadline_observed_root_cause_unestablished"
"15","7","en_to_ar","approved-only","true","6.734499999991385","25","37","2000","{""2"":76,""3"":385,""4"":385,""5"":385,""6"":385,""7"":384}","1","0","6","6","[]","[]",""
"15","7","ar_to_en","approved-only","true","10.583290999988094","22","41","1851","{""2"":15,""3"":182,""4"":392,""5"":398,""6"":408,""7"":456}","1","0","24","24","[]","[]",""
"15","9","en_to_ar","approved-only","true","861.6796249999898","42","57","2000","{""2"":80,""3"":307,""4"":307,""5"":307,""6"":307,""7"":306,""8"":262,""9"":124}","2","15","6","6","[]","[]",""
"15","9","ar_to_en","approved-only","true","739.4814999999944","32","64","2272","{""2"":15,""3"":182,""4"":392,""5"":398,""6"":408,""7"":456,""8"":220,""9"":201}","5","12","24","24","[]","[]",""
"15","11","en_to_ar","approved-only","true","9.262166999978945","60","85","2000","{""2"":80,""3"":280,""4"":281,""5"":281,""6"":281,""7"":281,""8"":280,""9"":154,""10"":49,""11"":33}","1","0","6","6","[]","[]",""
"15","11","ar_to_en","approved-only","true","2394.002207999991","44","88","2426","{""2"":15,""3"":182,""4"":392,""5"":398,""6"":408,""7"":456,""8"":220,""9"":201,""10"":75,""11"":79}","34","26","24","24","[]","[]",""
"15","13","en_to_ar","approved-only","true","400.0597499999858","78","119","2000","{""2"":80,""3"":272,""4"":273,""5"":273,""6"":273,""7"":273,""8"":272,""9"":167,""10"":51,""11"":34,""12"":25,""13"":7}","1","0","6","6","[]","[]",""
"15","13","ar_to_en","approved-only","false","4514.519874999998","0","0","2477","{""2"":15,""3"":182,""4"":392,""5"":398,""6"":408,""7"":456,""8"":220,""9"":201,""10"":75,""11"":79,""12"":18,""13"":33}","125","43","24","24","[]","[]","solver_deadline_observed_root_cause_unestablished"
"16","7","en_to_ar","approved-only","true","2.954375000001164","25","37","2000","{""2"":76,""3"":385,""4"":385,""5"":385,""6"":385,""7"":384}","1","0","6","6","[]","[]",""
"16","7","ar_to_en","approved-only","true","4.831082999997307","22","41","1851","{""2"":15,""3"":182,""4"":392,""5"":398,""6"":408,""7"":456}","1","0","24","24","[]","[]",""
"16","9","en_to_ar","approved-only","true","5.469584000005852","44","60","2000","{""2"":80,""3"":307,""4"":307,""5"":307,""6"":307,""7"":306,""8"":262,""9"":124}","1","0","6","6","[]","[]",""
"16","9","ar_to_en","approved-only","false","3992.2851670000236","0","0","2272","{""2"":15,""3"":182,""4"":392,""5"":398,""6"":408,""7"":456,""8"":220,""9"":201}","24","71","24","24","[]","[]","solver_deadline_observed_root_cause_unestablished"
"16","11","en_to_ar","approved-only","false","1804.5420000000158","0","0","2000","{""2"":80,""3"":280,""4"":281,""5"":281,""6"":281,""7"":281,""8"":280,""9"":154,""10"":49,""11"":33}","2","73","6","6","[]","[]","solver_deadline_observed_root_cause_unestablished"
"16","11","ar_to_en","approved-only","true","4001.83262500001","44","88","2426","{""2"":15,""3"":182,""4"":392,""5"":398,""6"":408,""7"":456,""8"":220,""9"":201,""10"":75,""11"":79}","50","50","24","24","[]","[]",""
"16","13","en_to_ar","approved-only","true","79.89495799998986","81","119","2000","{""2"":80,""3"":272,""4"":273,""5"":273,""6"":273,""7"":273,""8"":272,""9"":167,""10"":51,""11"":34,""12"":25,""13"":7}","1","0","6","6","[]","[]",""
"16","13","ar_to_en","approved-only","false","4515.42637500001","0","0","2477","{""2"":15,""3"":182,""4"":392,""5"":398,""6"":408,""7"":456,""8"":220,""9"":201,""10"":75,""11"":79,""12"":18,""13"":33}","130","42","24","24","[]","[]","solver_deadline_observed_root_cause_unestablished"
"17","7","en_to_ar","approved-only","true","3.5667909999901894","26","35","2000","{""2"":76,""3"":385,""4"":385,""5"":385,""6"":385,""7"":384}","1","0","6","6","[]","[]",""
"17","7","ar_to_en","approved-only","true","30.883124999993015","22","41","1851","{""2"":15,""3"":182,""4"":392,""5"":398,""6"":408,""7"":456}","1","0","24","24","[]","[]",""
"17","9","en_to_ar","approved-only","true","10.074041999992914","42","57","2000","{""2"":80,""3"":307,""4"":307,""5"":307,""6"":307,""7"":306,""8"":262,""9"":124}","1","0","6","6","[]","[]",""
"17","9","ar_to_en","approved-only","true","776.8978749999951","32","64","2272","{""2"":15,""3"":182,""4"":392,""5"":398,""6"":408,""7"":456,""8"":220,""9"":201}","5","10","24","24","[]","[]",""
"17","11","en_to_ar","approved-only","true","231.2331670000276","59","85","2000","{""2"":80,""3"":280,""4"":281,""5"":281,""6"":281,""7"":281,""8"":280,""9"":154,""10"":49,""11"":33}","1","0","6","6","[]","[]",""
"17","11","ar_to_en","approved-only","false","4502.640958000004","0","0","2426","{""2"":15,""3"":182,""4"":392,""5"":398,""6"":408,""7"":456,""8"":220,""9"":201,""10"":75,""11"":79}","43","64","24","24","[]","[]","solver_deadline_observed_root_cause_unestablished"
"17","13","en_to_ar","approved-only","false","1807.1788750000123","0","0","2000","{""2"":80,""3"":272,""4"":273,""5"":273,""6"":273,""7"":273,""8"":272,""9"":167,""10"":51,""11"":34,""12"":25,""13"":7}","2","59","6","6","[]","[]","solver_deadline_observed_root_cause_unestablished"
"17","13","ar_to_en","approved-only","false","4517.760750000016","0","0","2477","{""2"":15,""3"":182,""4"":392,""5"":398,""6"":408,""7"":456,""8"":220,""9"":201,""10"":75,""11"":79,""12"":18,""13"":33}","136","44","24","24","[]","[]","solver_deadline_observed_root_cause_unestablished"
"18","7","en_to_ar","approved-only","true","5.4390000000130385","26","36","2000","{""2"":76,""3"":385,""4"":385,""5"":385,""6"":385,""7"":384}","1","0","6","6","[]","[]",""
"18","7","ar_to_en","approved-only","true","24.762083999987226","22","41","1851","{""2"":15,""3"":182,""4"":392,""5"":398,""6"":408,""7"":456}","1","0","24","24","[]","[]",""
"18","9","en_to_ar","approved-only","true","8.882875000010245","42","57","2000","{""2"":80,""3"":307,""4"":307,""5"":307,""6"":307,""7"":306,""8"":262,""9"":124}","1","0","6","6","[]","[]",""
"18","9","ar_to_en","approved-only","true","579.0185829999973","32","64","2272","{""2"":15,""3"":182,""4"":392,""5"":398,""6"":408,""7"":456,""8"":220,""9"":201}","4","9","24","24","[]","[]",""
"18","11","en_to_ar","approved-only","false","1803.9753329999803","0","0","2000","{""2"":80,""3"":280,""4"":281,""5"":281,""6"":281,""7"":281,""8"":280,""9"":154,""10"":49,""11"":33}","2","51","6","6","[]","[]","solver_deadline_observed_root_cause_unestablished"
"18","11","ar_to_en","approved-only","false","4504.991582999995","0","0","2426","{""2"":15,""3"":182,""4"":392,""5"":398,""6"":408,""7"":456,""8"":220,""9"":201,""10"":75,""11"":79}","43","64","24","24","[]","[]","solver_deadline_observed_root_cause_unestablished"
"18","13","en_to_ar","approved-only","true","1065.7465410000004","80","120","2000","{""2"":80,""3"":272,""4"":273,""5"":273,""6"":273,""7"":273,""8"":272,""9"":167,""10"":51,""11"":34,""12"":25,""13"":7}","2","20","6","6","[]","[]",""
"18","13","ar_to_en","approved-only","false","4515.096208000003","0","0","2477","{""2"":15,""3"":182,""4"":392,""5"":398,""6"":408,""7"":456,""8"":220,""9"":201,""10"":75,""11"":79,""12"":18,""13"":33}","117","45","24","24","[]","[]","solver_deadline_observed_root_cause_unestablished"
"19","7","en_to_ar","approved-only","true","3.1845420000026934","26","35","2000","{""2"":76,""3"":385,""4"":385,""5"":385,""6"":385,""7"":384}","1","0","6","6","[]","[]",""
"19","7","ar_to_en","approved-only","true","17.449374999996508","22","41","1851","{""2"":15,""3"":182,""4"":392,""5"":398,""6"":408,""7"":456}","1","0","24","24","[]","[]",""
"19","9","en_to_ar","approved-only","true","859.5263340000238","42","57","2000","{""2"":80,""3"":307,""4"":307,""5"":307,""6"":307,""7"":306,""8"":262,""9"":124}","2","30","6","6","[]","[]",""
"19","9","ar_to_en","approved-only","true","1348.6157919999969","32","64","2272","{""2"":15,""3"":182,""4"":392,""5"":398,""6"":408,""7"":456,""8"":220,""9"":201}","9","25","24","24","[]","[]",""
"19","11","en_to_ar","approved-only","true","12.19587500000489","59","85","2000","{""2"":80,""3"":280,""4"":281,""5"":281,""6"":281,""7"":281,""8"":280,""9"":154,""10"":49,""11"":33}","1","0","6","6","[]","[]",""
"19","11","ar_to_en","approved-only","false","4503.696166999987","0","0","2426","{""2"":15,""3"":182,""4"":392,""5"":398,""6"":408,""7"":456,""8"":220,""9"":201,""10"":75,""11"":79}","50","51","24","24","[]","[]","solver_deadline_observed_root_cause_unestablished"
"19","13","en_to_ar","approved-only","true","222.23574999999255","76","120","2000","{""2"":80,""3"":272,""4"":273,""5"":273,""6"":273,""7"":273,""8"":272,""9"":167,""10"":51,""11"":34,""12"":25,""13"":7}","21","0","6","6","[]","[]",""
"19","13","ar_to_en","approved-only","false","4516.358750000014","0","0","2477","{""2"":15,""3"":182,""4"":392,""5"":398,""6"":408,""7"":456,""8"":220,""9"":201,""10"":75,""11"":79,""12"":18,""13"":33}","141","40","24","24","[]","[]","solver_deadline_observed_root_cause_unestablished"
"20","7","en_to_ar","approved-only","true","2.5218750000058208","26","36","2000","{""2"":76,""3"":385,""4"":385,""5"":385,""6"":385,""7"":384}","1","0","6","6","[]","[]",""
"20","7","ar_to_en","approved-only","true","17.727707999991253","22","41","1851","{""2"":15,""3"":182,""4"":392,""5"":398,""6"":408,""7"":456}","1","0","24","24","[]","[]",""
"20","9","en_to_ar","approved-only","false","1702.7671669999836","0","0","2000","{""2"":80,""3"":307,""4"":307,""5"":307,""6"":307,""7"":306,""8"":262,""9"":124}","2","31","6","6","[]","[]","solver_deadline_observed_root_cause_unestablished"
"20","9","ar_to_en","approved-only","false","3992.029916999978","0","0","2272","{""2"":15,""3"":182,""4"":392,""5"":398,""6"":408,""7"":456,""8"":220,""9"":201}","24","66","24","24","[]","[]","solver_deadline_observed_root_cause_unestablished"
"20","11","en_to_ar","approved-only","true","13.590125000016997","60","85","2000","{""2"":80,""3"":280,""4"":281,""5"":281,""6"":281,""7"":281,""8"":280,""9"":154,""10"":49,""11"":33}","1","0","6","6","[]","[]",""
"20","11","ar_to_en","approved-only","false","4504.310458000022","0","0","2426","{""2"":15,""3"":182,""4"":392,""5"":398,""6"":408,""7"":456,""8"":220,""9"":201,""10"":75,""11"":79}","55","70","24","24","[]","[]","solver_deadline_observed_root_cause_unestablished"
"20","13","en_to_ar","approved-only","false","1806.4169999999867","0","0","2000","{""2"":80,""3"":272,""4"":273,""5"":273,""6"":273,""7"":273,""8"":272,""9"":167,""10"":51,""11"":34,""12"":25,""13"":7}","2","29","6","6","[]","[]","solver_deadline_observed_root_cause_unestablished"
"20","13","ar_to_en","approved-only","false","4457.063166999986","0","0","2477","{""2"":15,""3"":182,""4"":392,""5"":398,""6"":408,""7"":456,""8"":220,""9"":201,""10"":75,""11"":79,""12"":18,""13"":33}","149","38","24","24","[]","[]","solver_deadline_observed_root_cause_unestablished"
"21","7","en_to_ar","approved-only","true","3.1714999999967404","24","36","2000","{""2"":76,""3"":385,""4"":385,""5"":385,""6"":385,""7"":384}","1","0","6","6","[]","[]",""
"21","7","ar_to_en","approved-only","true","8.638291999988724","22","41","1851","{""2"":15,""3"":182,""4"":392,""5"":398,""6"":408,""7"":456}","1","0","24","24","[]","[]",""
"21","9","en_to_ar","approved-only","true","6.226957999984734","42","57","2000","{""2"":80,""3"":307,""4"":307,""5"":307,""6"":307,""7"":306,""8"":262,""9"":124}","1","0","6","6","[]","[]",""
"21","9","ar_to_en","approved-only","true","588.7273750000168","32","64","2272","{""2"":15,""3"":182,""4"":392,""5"":398,""6"":408,""7"":456,""8"":220,""9"":201}","4","8","24","24","[]","[]",""
"21","11","en_to_ar","approved-only","false","1803.625624999986","0","0","2000","{""2"":80,""3"":280,""4"":281,""5"":281,""6"":281,""7"":281,""8"":280,""9"":154,""10"":49,""11"":33}","2","55","6","6","[]","[]","solver_deadline_observed_root_cause_unestablished"
"21","11","ar_to_en","approved-only","false","4505.345750000037","0","0","2426","{""2"":15,""3"":182,""4"":392,""5"":398,""6"":408,""7"":456,""8"":220,""9"":201,""10"":75,""11"":79}","53","62","24","24","[]","[]","solver_deadline_observed_root_cause_unestablished"
"21","13","en_to_ar","approved-only","true","77.65816599997925","84","120","2000","{""2"":80,""3"":272,""4"":273,""5"":273,""6"":273,""7"":273,""8"":272,""9"":167,""10"":51,""11"":34,""12"":25,""13"":7}","1","0","6","6","[]","[]",""
"21","13","ar_to_en","approved-only","false","4516.284000000043","0","0","2477","{""2"":15,""3"":182,""4"":392,""5"":398,""6"":408,""7"":456,""8"":220,""9"":201,""10"":75,""11"":79,""12"":18,""13"":33}","120","43","24","24","[]","[]","solver_deadline_observed_root_cause_unestablished"
"22","7","en_to_ar","approved-only","true","902.8564579999656","25","35","2000","{""2"":76,""3"":385,""4"":385,""5"":385,""6"":385,""7"":384}","3","36","6","6","[]","[]",""
"22","7","ar_to_en","approved-only","true","9.881750000000466","22","41","1851","{""2"":15,""3"":182,""4"":392,""5"":398,""6"":408,""7"":456}","1","0","24","24","[]","[]",""
"22","9","en_to_ar","approved-only","true","858.2390410000226","43","57","2000","{""2"":80,""3"":307,""4"":307,""5"":307,""6"":307,""7"":306,""8"":262,""9"":124}","2","19","6","6","[]","[]",""
"22","9","ar_to_en","approved-only","true","566.8852089999709","32","64","2272","{""2"":15,""3"":182,""4"":392,""5"":398,""6"":408,""7"":456,""8"":220,""9"":201}","4","8","24","24","[]","[]",""
"22","11","en_to_ar","approved-only","true","1472.7420830000192","60","85","2000","{""2"":80,""3"":280,""4"":281,""5"":281,""6"":281,""7"":281,""8"":280,""9"":154,""10"":49,""11"":33}","2","27","6","6","[]","[]",""
"22","11","ar_to_en","approved-only","false","4502.931624999968","0","0","2426","{""2"":15,""3"":182,""4"":392,""5"":398,""6"":408,""7"":456,""8"":220,""9"":201,""10"":75,""11"":79}","40","63","24","24","[]","[]","solver_deadline_observed_root_cause_unestablished"
"22","13","en_to_ar","approved-only","false","1807.3690419999766","0","0","2000","{""2"":80,""3"":272,""4"":273,""5"":273,""6"":273,""7"":273,""8"":272,""9"":167,""10"":51,""11"":34,""12"":25,""13"":7}","2","66","6","6","[]","[]","solver_deadline_observed_root_cause_unestablished"
"22","13","ar_to_en","approved-only","false","4516.172290999966","0","0","2477","{""2"":15,""3"":182,""4"":392,""5"":398,""6"":408,""7"":456,""8"":220,""9"":201,""10"":75,""11"":79,""12"":18,""13"":33}","140","42","24","24","[]","[]","solver_deadline_observed_root_cause_unestablished"
"23","7","en_to_ar","approved-only","true","2.762749999994412","26","36","2000","{""2"":76,""3"":385,""4"":385,""5"":385,""6"":385,""7"":384}","1","0","6","6","[]","[]",""
"23","7","ar_to_en","approved-only","true","6.928917000012007","22","41","1851","{""2"":15,""3"":182,""4"":392,""5"":398,""6"":408,""7"":456}","1","0","24","24","[]","[]",""
"23","9","en_to_ar","approved-only","true","6.3977080000331625","43","59","2000","{""2"":80,""3"":307,""4"":307,""5"":307,""6"":307,""7"":306,""8"":262,""9"":124}","1","0","6","6","[]","[]",""
"23","9","ar_to_en","approved-only","true","1015.3510840000235","32","64","2272","{""2"":15,""3"":182,""4"":392,""5"":398,""6"":408,""7"":456,""8"":220,""9"":201}","7","17","24","24","[]","[]",""
"23","11","en_to_ar","approved-only","true","71.43929200002458","60","85","2000","{""2"":80,""3"":280,""4"":281,""5"":281,""6"":281,""7"":281,""8"":280,""9"":154,""10"":49,""11"":33}","1","0","6","6","[]","[]",""
"23","11","ar_to_en","approved-only","false","4501.622208999994","0","0","2426","{""2"":15,""3"":182,""4"":392,""5"":398,""6"":408,""7"":456,""8"":220,""9"":201,""10"":75,""11"":79}","49","63","24","24","[]","[]","solver_deadline_observed_root_cause_unestablished"
"23","13","en_to_ar","approved-only","true","72.87179200001992","80","120","2000","{""2"":80,""3"":272,""4"":273,""5"":273,""6"":273,""7"":273,""8"":272,""9"":167,""10"":51,""11"":34,""12"":25,""13"":7}","1","0","6","6","[]","[]",""
"23","13","ar_to_en","approved-only","false","4463.750333000033","0","0","2477","{""2"":15,""3"":182,""4"":392,""5"":398,""6"":408,""7"":456,""8"":220,""9"":201,""10"":75,""11"":79,""12"":18,""13"":33}","163","40","24","24","[]","[]","solver_deadline_observed_root_cause_unestablished"
"24","7","en_to_ar","approved-only","true","2.621584000007715","26","36","2000","{""2"":76,""3"":385,""4"":385,""5"":385,""6"":385,""7"":384}","1","0","6","6","[]","[]",""
"24","7","ar_to_en","approved-only","true","4.531166999950074","22","41","1851","{""2"":15,""3"":182,""4"":392,""5"":398,""6"":408,""7"":456}","1","0","24","24","[]","[]",""
"24","9","en_to_ar","approved-only","true","8.717540999990888","42","57","2000","{""2"":80,""3"":307,""4"":307,""5"":307,""6"":307,""7"":306,""8"":262,""9"":124}","1","0","6","6","[]","[]",""
"24","9","ar_to_en","approved-only","true","793.5102500000503","32","64","2272","{""2"":15,""3"":182,""4"":392,""5"":398,""6"":408,""7"":456,""8"":220,""9"":201}","5","13","24","24","[]","[]",""
"24","11","en_to_ar","approved-only","true","1012.3160410000128","58","85","2000","{""2"":80,""3"":280,""4"":281,""5"":281,""6"":281,""7"":281,""8"":280,""9"":154,""10"":49,""11"":33}","2","35","6","6","[]","[]",""
"24","11","ar_to_en","approved-only","true","3111.392790999962","44","88","2426","{""2"":15,""3"":182,""4"":392,""5"":398,""6"":408,""7"":456,""8"":220,""9"":201,""10"":75,""11"":79}","36","30","24","24","[]","[]",""
"24","13","en_to_ar","approved-only","false","1805.875584000023","0","0","2000","{""2"":80,""3"":272,""4"":273,""5"":273,""6"":273,""7"":273,""8"":272,""9"":167,""10"":51,""11"":34,""12"":25,""13"":7}","2","36","6","6","[]","[]","solver_deadline_observed_root_cause_unestablished"
"24","13","ar_to_en","approved-only","false","4494.335250000004","0","0","2477","{""2"":15,""3"":182,""4"":392,""5"":398,""6"":408,""7"":456,""8"":220,""9"":201,""10"":75,""11"":79,""12"":18,""13"":33}","163","39","24","24","[]","[]","solver_deadline_observed_root_cause_unestablished"
"25","7","en_to_ar","approved-only","true","3.0926250000484288","26","36","2000","{""2"":76,""3"":385,""4"":385,""5"":385,""6"":385,""7"":384}","1","0","6","6","[]","[]",""
"25","7","ar_to_en","approved-only","true","135.64233299996704","22","41","1851","{""2"":15,""3"":182,""4"":392,""5"":398,""6"":408,""7"":456}","2","5","24","24","[]","[]",""
"25","9","en_to_ar","approved-only","true","7.013332999951672","42","57","2000","{""2"":80,""3"":307,""4"":307,""5"":307,""6"":307,""7"":306,""8"":262,""9"":124}","1","0","6","6","[]","[]",""
"25","9","ar_to_en","approved-only","false","3991.578792000015","0","0","2272","{""2"":15,""3"":182,""4"":392,""5"":398,""6"":408,""7"":456,""8"":220,""9"":201}","24","63","24","24","[]","[]","solver_deadline_observed_root_cause_unestablished"
"25","11","en_to_ar","approved-only","true","20.95562500000233","62","87","2000","{""2"":80,""3"":280,""4"":281,""5"":281,""6"":281,""7"":281,""8"":280,""9"":154,""10"":49,""11"":33}","1","0","6","6","[]","[]",""
"25","11","ar_to_en","approved-only","false","4501.971791999997","0","0","2426","{""2"":15,""3"":182,""4"":392,""5"":398,""6"":408,""7"":456,""8"":220,""9"":201,""10"":75,""11"":79}","61","54","24","24","[]","[]","solver_deadline_observed_root_cause_unestablished"
"25","13","en_to_ar","approved-only","true","61.39449999999488","84","120","2000","{""2"":80,""3"":272,""4"":273,""5"":273,""6"":273,""7"":273,""8"":272,""9"":167,""10"":51,""11"":34,""12"":25,""13"":7}","1","0","6","6","[]","[]",""
"25","13","ar_to_en","approved-only","false","4514.386832999997","0","0","2477","{""2"":15,""3"":182,""4"":392,""5"":398,""6"":408,""7"":456,""8"":220,""9"":201,""10"":75,""11"":79,""12"":18,""13"":33}","146","44","24","24","[]","[]","solver_deadline_observed_root_cause_unestablished"
"26","7","en_to_ar","approved-only","true","3.922707999998238","25","35","2000","{""2"":76,""3"":385,""4"":385,""5"":385,""6"":385,""7"":384}","1","0","6","6","[]","[]",""
"26","7","ar_to_en","approved-only","true","13.433082999952603","22","41","1851","{""2"":15,""3"":182,""4"":392,""5"":398,""6"":408,""7"":456}","1","0","24","24","[]","[]",""
"26","9","en_to_ar","approved-only","true","7.187541000021156","40","59","2000","{""2"":80,""3"":307,""4"":307,""5"":307,""6"":307,""7"":306,""8"":262,""9"":124}","1","0","6","6","[]","[]",""
"26","9","ar_to_en","approved-only","true","1087.5692089999793","32","64","2272","{""2"":15,""3"":182,""4"":392,""5"":398,""6"":408,""7"":456,""8"":220,""9"":201}","7","17","24","24","[]","[]",""
"26","11","en_to_ar","approved-only","false","1803.897209000017","0","0","2000","{""2"":80,""3"":280,""4"":281,""5"":281,""6"":281,""7"":281,""8"":280,""9"":154,""10"":49,""11"":33}","2","40","6","6","[]","[]","solver_deadline_observed_root_cause_unestablished"
"26","11","ar_to_en","approved-only","false","4501.92870800005","0","0","2426","{""2"":15,""3"":182,""4"":392,""5"":398,""6"":408,""7"":456,""8"":220,""9"":201,""10"":75,""11"":79}","44","64","24","24","[]","[]","solver_deadline_observed_root_cause_unestablished"
"26","13","en_to_ar","approved-only","true","1238.2691670000204","78","119","2000","{""2"":80,""3"":272,""4"":273,""5"":273,""6"":273,""7"":273,""8"":272,""9"":167,""10"":51,""11"":34,""12"":25,""13"":7}","2","36","6","6","[]","[]",""
"26","13","ar_to_en","approved-only","false","4512.012500000012","0","0","2477","{""2"":15,""3"":182,""4"":392,""5"":398,""6"":408,""7"":456,""8"":220,""9"":201,""10"":75,""11"":79,""12"":18,""13"":33}","150","43","24","24","[]","[]","solver_deadline_observed_root_cause_unestablished"
"27","7","en_to_ar","approved-only","true","4.209917000029236","24","37","2000","{""2"":76,""3"":385,""4"":385,""5"":385,""6"":385,""7"":384}","1","0","6","6","[]","[]",""
"27","7","ar_to_en","approved-only","true","17.385750000015832","22","41","1851","{""2"":15,""3"":182,""4"":392,""5"":398,""6"":408,""7"":456}","1","0","24","24","[]","[]",""
"27","9","en_to_ar","approved-only","true","12.428582999971695","42","57","2000","{""2"":80,""3"":307,""4"":307,""5"":307,""6"":307,""7"":306,""8"":262,""9"":124}","1","0","6","6","[]","[]",""
"27","9","ar_to_en","approved-only","true","679.1247910000384","32","64","2272","{""2"":15,""3"":182,""4"":392,""5"":398,""6"":408,""7"":456,""8"":220,""9"":201}","5","9","24","24","[]","[]",""
"27","11","en_to_ar","approved-only","true","23.184874999977183","62","86","2000","{""2"":80,""3"":280,""4"":281,""5"":281,""6"":281,""7"":281,""8"":280,""9"":154,""10"":49,""11"":33}","1","0","6","6","[]","[]",""
"27","11","ar_to_en","approved-only","false","4503.145875000046","0","0","2426","{""2"":15,""3"":182,""4"":392,""5"":398,""6"":408,""7"":456,""8"":220,""9"":201,""10"":75,""11"":79}","54","66","24","24","[]","[]","solver_deadline_observed_root_cause_unestablished"
"27","13","en_to_ar","approved-only","true","57.49433299998054","82","119","2000","{""2"":80,""3"":272,""4"":273,""5"":273,""6"":273,""7"":273,""8"":272,""9"":167,""10"":51,""11"":34,""12"":25,""13"":7}","1","0","6","6","[]","[]",""
"27","13","ar_to_en","approved-only","false","4513.824416999996","0","0","2477","{""2"":15,""3"":182,""4"":392,""5"":398,""6"":408,""7"":456,""8"":220,""9"":201,""10"":75,""11"":79,""12"":18,""13"":33}","164","44","24","24","[]","[]","solver_deadline_observed_root_cause_unestablished"
"28","7","en_to_ar","approved-only","true","3.2196250000270084","25","37","2000","{""2"":76,""3"":385,""4"":385,""5"":385,""6"":385,""7"":384}","1","0","6","6","[]","[]",""
"28","7","ar_to_en","approved-only","false","3002.3242080000346","0","0","1851","{""2"":15,""3"":182,""4"":392,""5"":398,""6"":408,""7"":456}","24","137","24","24","[]","[]","solver_deadline_observed_root_cause_unestablished"
"28","9","en_to_ar","approved-only","false","1702.3861669999897","0","0","2000","{""2"":80,""3"":307,""4"":307,""5"":307,""6"":307,""7"":306,""8"":262,""9"":124}","2","43","6","6","[]","[]","solver_deadline_observed_root_cause_unestablished"
"28","9","ar_to_en","approved-only","true","847.3303339999984","32","64","2272","{""2"":15,""3"":182,""4"":392,""5"":398,""6"":408,""7"":456,""8"":220,""9"":201}","6","14","24","24","[]","[]",""
"28","11","en_to_ar","approved-only","true","8.124292000022251","58","85","2000","{""2"":80,""3"":280,""4"":281,""5"":281,""6"":281,""7"":281,""8"":280,""9"":154,""10"":49,""11"":33}","1","0","6","6","[]","[]",""
"28","11","ar_to_en","approved-only","false","4502.5183330000145","0","0","2426","{""2"":15,""3"":182,""4"":392,""5"":398,""6"":408,""7"":456,""8"":220,""9"":201,""10"":75,""11"":79}","38","56","24","24","[]","[]","solver_deadline_observed_root_cause_unestablished"
"28","13","en_to_ar","approved-only","false","1805.776416000037","0","0","2000","{""2"":80,""3"":272,""4"":273,""5"":273,""6"":273,""7"":273,""8"":272,""9"":167,""10"":51,""11"":34,""12"":25,""13"":7}","2","65","6","6","[]","[]","solver_deadline_observed_root_cause_unestablished"
"28","13","ar_to_en","approved-only","false","4512.168624999991","0","0","2477","{""2"":15,""3"":182,""4"":392,""5"":398,""6"":408,""7"":456,""8"":220,""9"":201,""10"":75,""11"":79,""12"":18,""13"":33}","183","42","24","24","[]","[]","solver_deadline_observed_root_cause_unestablished"
"29","7","en_to_ar","approved-only","true","4.7252499999594875","26","36","2000","{""2"":76,""3"":385,""4"":385,""5"":385,""6"":385,""7"":384}","1","0","6","6","[]","[]",""
"29","7","ar_to_en","approved-only","true","16.411375000025146","22","41","1851","{""2"":15,""3"":182,""4"":392,""5"":398,""6"":408,""7"":456}","1","0","24","24","[]","[]",""
"29","9","en_to_ar","approved-only","true","4.995041999965906","42","57","2000","{""2"":80,""3"":307,""4"":307,""5"":307,""6"":307,""7"":306,""8"":262,""9"":124}","1","0","6","6","[]","[]",""
"29","9","ar_to_en","approved-only","true","462.244915999996","32","64","2272","{""2"":15,""3"":182,""4"":392,""5"":398,""6"":408,""7"":456,""8"":220,""9"":201}","3","7","24","24","[]","[]",""
"29","11","en_to_ar","approved-only","true","1034.7947080000304","58","87","2000","{""2"":80,""3"":280,""4"":281,""5"":281,""6"":281,""7"":281,""8"":280,""9"":154,""10"":49,""11"":33}","2","33","6","6","[]","[]",""
"29","11","ar_to_en","approved-only","false","4503.232874999987","0","0","2426","{""2"":15,""3"":182,""4"":392,""5"":398,""6"":408,""7"":456,""8"":220,""9"":201,""10"":75,""11"":79}","51","55","24","24","[]","[]","solver_deadline_observed_root_cause_unestablished"
"29","13","en_to_ar","approved-only","true","152.4969170000404","80","120","2000","{""2"":80,""3"":272,""4"":273,""5"":273,""6"":273,""7"":273,""8"":272,""9"":167,""10"":51,""11"":34,""12"":25,""13"":7}","1","0","6","6","[]","[]",""
"29","13","ar_to_en","approved-only","false","4511.355082999973","0","0","2477","{""2"":15,""3"":182,""4"":392,""5"":398,""6"":408,""7"":456,""8"":220,""9"":201,""10"":75,""11"":79,""12"":18,""13"":33}","152","45","24","24","[]","[]","solver_deadline_observed_root_cause_unestablished"
"30","7","en_to_ar","approved-only","true","2.748083000013139","26","35","2000","{""2"":76,""3"":385,""4"":385,""5"":385,""6"":385,""7"":384}","1","0","6","6","[]","[]",""
"30","7","ar_to_en","approved-only","true","6.504708000051323","22","41","1851","{""2"":15,""3"":182,""4"":392,""5"":398,""6"":408,""7"":456}","1","0","24","24","[]","[]",""
"30","9","en_to_ar","approved-only","true","923.8335000000079","40","60","2000","{""2"":80,""3"":307,""4"":307,""5"":307,""6"":307,""7"":306,""8"":262,""9"":124}","2","21","6","6","[]","[]",""
"30","9","ar_to_en","approved-only","false","3991.7849160000333","0","0","2272","{""2"":15,""3"":182,""4"":392,""5"":398,""6"":408,""7"":456,""8"":220,""9"":201}","24","72","24","24","[]","[]","solver_deadline_observed_root_cause_unestablished"
"30","11","en_to_ar","approved-only","true","11.743791999993846","62","85","2000","{""2"":80,""3"":280,""4"":281,""5"":281,""6"":281,""7"":281,""8"":280,""9"":154,""10"":49,""11"":33}","1","0","6","6","[]","[]",""
"30","11","ar_to_en","approved-only","false","4504.060958000016","0","0","2426","{""2"":15,""3"":182,""4"":392,""5"":398,""6"":408,""7"":456,""8"":220,""9"":201,""10"":75,""11"":79}","64","61","24","24","[]","[]","solver_deadline_observed_root_cause_unestablished"
"30","13","en_to_ar","approved-only","true","304.0474169999943","80","119","2000","{""2"":80,""3"":272,""4"":273,""5"":273,""6"":273,""7"":273,""8"":272,""9"":167,""10"":51,""11"":34,""12"":25,""13"":7}","1","0","6","6","[]","[]",""
"30","13","ar_to_en","approved-only","false","4454.79574999999","0","0","2477","{""2"":15,""3"":182,""4"":392,""5"":398,""6"":408,""7"":456,""8"":220,""9"":201,""10"":75,""11"":79,""12"":18,""13"":33}","168","40","24","24","[]","[]","solver_deadline_observed_root_cause_unestablished"
