"headwordIndex","translationIndex","english","original","status","register","confidence","allowedForEnToAr","allowedForArToEn","preferredForEnToAr","preferredForArToEn","partOfSpeech","reasonCode","reason","reviewer","sources","sourceId","referenceArabic","referenceConflict","effectiveTranslation"
"3108","0","ATTRACTIONS","الجذب","review","msa","medium","","","","","noun","construction-or-sense-review","ATTRACTIONS — الجذب: Abstract attraction/drawing power is recognizable MSA, but the plural headword mapping is not established without context. Preserve for review, not automatic rejection.","AI-assisted linguistic review","[]","3108:0","مناطق الجذب السياحي","false","{""arabic"":""الجذب"",""status"":""review"",""register"":""msa"",""partOfSpeech"":""noun""}"
"4434","0","SOLO","سولو","review","uncertain","medium","","","","","noun","register-review","SOLO — سولو: Adjectival and adverbial uses are valid separately; Arabic gender agreement is not a reason for exclusion.","AI-assisted linguistic review","[]","4434:0","منفردا","false","{""arabic"":""سولو"",""status"":""review"",""register"":""uncertain"",""partOfSpeech"":""noun""}"
"2847","2","EURO","باليورو","review","msa","medium","","","","","noun","construction-or-sense-review","EURO — باليورو: The prefixed preposition means in/with euros, not simply the currency noun. Keep this valid phrase unchanged for contextual review.","AI-assisted linguistic review","[]","2847:2","اليورو","false","{""arabic"":""باليورو"",""status"":""review"",""register"":""msa"",""partOfSpeech"":""noun""}"
"5672","0","AUTHENTIC","الاصيل","review","msa","medium","","","","","adjective","orthography-review","AUTHENTIC — الاصيل: Correct authenticity/genuineness sense; unmarked hamza spellings are preserved for orthographic review rather than silently repaired.","AI-assisted linguistic review","[]","5672:0","أصلي","false","{""arabic"":""الاصيل"",""status"":""review"",""register"":""msa"",""partOfSpeech"":""adjective""}"
"5672","1","AUTHENTIC","اصيلة","review","msa","medium","","","","","adjective","orthography-review","AUTHENTIC — اصيلة: Correct authenticity/genuineness sense; unmarked hamza spellings are preserved for orthographic review rather than silently repaired.","AI-assisted linguistic review","[]","5672:1","أصلي","false","{""arabic"":""اصيلة"",""status"":""review"",""register"":""msa"",""partOfSpeech"":""adjective""}"
"5672","2","AUTHENTIC","اصيل","review","msa","medium","","","","","adjective","orthography-review","AUTHENTIC — اصيل: Correct authenticity/genuineness sense; unmarked hamza spellings are preserved for orthographic review rather than silently repaired.","AI-assisted linguistic review","[]","5672:2","أصلي","false","{""arabic"":""اصيل"",""status"":""review"",""register"":""msa"",""partOfSpeech"":""adjective""}"
"5672","3","AUTHENTIC","اصلية","review","msa","medium","","","","","adjective","orthography-review","AUTHENTIC — اصلية: Correct authenticity/genuineness sense; unmarked hamza spellings are preserved for orthographic review rather than silently repaired.","AI-assisted linguistic review","[]","5672:3","أصلي","false","{""arabic"":""اصلية"",""status"":""review"",""register"":""msa"",""partOfSpeech"":""adjective""}"
"4905","1","EARNED","المكتسبات","review","msa","medium","","","","","noun","construction-or-sense-review","EARNED — المكتسبات: Acquisitions/gains is a noun, while earned normally modifies or predicates earning; the isolated correspondence needs evidence.","AI-assisted linguistic review","[]","4905:1","المكتسبات","true","{""arabic"":""المكتسبات"",""status"":""review"",""register"":""msa"",""partOfSpeech"":""noun""}"
"8509","1","YEN","يين","review","msa","medium","","","","","noun","orthography-review","YEN — يين: The doubled-ya currency spelling needs orthographic confirmation; prefer the established shorter form without deleting this record.","AI-assisted linguistic review","[]","8509:1","الين","false","{""arabic"":""يين"",""status"":""review"",""register"":""msa"",""partOfSpeech"":""noun""}"
"4995","0","ATLAS","اطلس","review","msa","medium","","","","","noun","orthography-review","ATLAS — اطلس: Natural MSA borrowing for a collection of maps; the spelling lacking initial hamza is deferred.","AI-assisted linguistic review","[]","4995:0","الأطلس","false","{""arabic"":""اطلس"",""status"":""review"",""register"":""msa"",""partOfSpeech"":""noun""}"
"6735","0","INTAKE","المدخول","review","msa","medium","","","","","noun","construction-or-sense-review","INTAKE — المدخول: The Arabic can suggest income or nutritional intake; the isolated mapping needs clearer contextual support.","AI-assisted linguistic review","[]","6735:0","المدخول","true","{""arabic"":""المدخول"",""status"":""review"",""register"":""msa"",""partOfSpeech"":""noun""}"
"5583","0","ALIEN","اجنبي","review","msa","medium","","","","","adjective","orthography-review","ALIEN — اجنبي: Foreign and extraterrestrial are distinct legitimate English senses; unmarked hamza forms are retained for spelling review.","AI-assisted linguistic review","[]","5583:0","أجنبي","false","{""arabic"":""اجنبي"",""status"":""review"",""register"":""msa"",""partOfSpeech"":""adjective""}"
"5583","1","ALIEN","الاجنبي","review","msa","medium","","","","","noun","orthography-review","ALIEN — الاجنبي: Foreign and extraterrestrial are distinct legitimate English senses; unmarked hamza forms are retained for spelling review.","AI-assisted linguistic review","[]","5583:1","أجنبي","false","{""arabic"":""الاجنبي"",""status"":""review"",""register"":""msa"",""partOfSpeech"":""noun""}"
"3949","0","EAGLE","النسر","review","msa","medium","","","","","noun","construction-or-sense-review","EAGLE — النسر: The common bird label needs evidence to resolve the eagle versus vulture distinction; do not approve from plausibility alone.","AI-assisted linguistic review","[]","3949:0","النسر","true","{""arabic"":""النسر"",""status"":""review"",""register"":""msa"",""partOfSpeech"":""noun""}"
"3949","1","EAGLE","نسر","review","msa","medium","","","","","noun","construction-or-sense-review","EAGLE — نسر: The common bird label needs evidence to resolve the eagle versus vulture distinction; do not approve from plausibility alone.","AI-assisted linguistic review","[]","3949:1","النسر","false","{""arabic"":""نسر"",""status"":""review"",""register"":""msa"",""partOfSpeech"":""noun""}"
"2590","2","UTILITIES","المنافع","review","msa","medium","","","","","noun","construction-or-sense-review","UTILITIES — المنافع: Benefits/usefulness can be a valid technical utility sense, but plural utilities for this learner clue needs contextual confirmation.","AI-assisted linguistic review","[]","2590:2","المرافق العامة","false","{""arabic"":""المنافع"",""status"":""review"",""register"":""msa"",""partOfSpeech"":""noun""}"
"8798","0","LANCE","لانس","review","uncertain","high","false","false","false","false","noun","unsuitable-unclassified","LANCE — لانس: The displayed form reads as a personal-name transliteration and does not establish the general spear or incise sense. Both directions remain withheld pending review.","AI-assisted linguistic review","[]","8798:0","لانس","true","{""arabic"":""لانس"",""status"":""review"",""register"":""uncertain"",""partOfSpeech"":""noun"",""allowedForEnToAr"":false,""allowedForArToEn"":false,""preferredForEnToAr"":false,""preferredForArToEn"":false}"
"7636","0","MESA","ميسا","review","uncertain","medium","","","","","noun","register-review","MESA — ميسا: The transliteration alone does not establish an appropriate learner-facing landform meaning or MSA usage; preserve it unresolved.","AI-assisted linguistic review","[]","7636:0","ميسا","true","{""arabic"":""ميسا"",""status"":""review"",""register"":""uncertain"",""partOfSpeech"":""noun""}"
"2872","3","ANGEL","انجل","review","uncertain","high","false","false","false","false","noun","unsuitable-unclassified","ANGEL — انجل: Name-like transliteration does not supply the general angel meaning; register and intended identity remain unresolved.","AI-assisted linguistic review","[]","2872:3","ملاك","false","{""arabic"":""انجل"",""status"":""review"",""register"":""uncertain"",""partOfSpeech"":""noun"",""allowedForEnToAr"":false,""allowedForArToEn"":false,""preferredForEnToAr"":false,""preferredForArToEn"":false}"
"5609","0","DISCS","الاقراص","review","msa","medium","","","","","noun","orthography-review","DISCS — الاقراص: Discs and compact discs are valid related senses; spelling of the generic form needs separate attention.","AI-assisted linguistic review","[]","5609:0","الأقراص المضغوطة","false","{""arabic"":""الاقراص"",""status"":""review"",""register"":""msa"",""partOfSpeech"":""noun""}"
"5632","0","AFFORD","تحمل","review","msa","medium","","","","","verb","construction-or-sense-review","AFFORD — تحمل: Bearing costs can express afford, but the isolated Arabic also means endure; defer the contextual mapping rather than rejecting it.","AI-assisted linguistic review","[]","5632:0","تحمل","true","{""arabic"":""تحمل"",""status"":""review"",""register"":""msa"",""partOfSpeech"":""verb""}"
"5644","2","INCLUSION","ادراج","review","msa","medium","","","","","noun","orthography-review","INCLUSION — ادراج: Including, incorporation and inclusion are valid nominal senses; hamza omission is flagged without changing source text.","AI-assisted linguistic review","[]","5644:2","إدراج","false","{""arabic"":""ادراج"",""status"":""review"",""register"":""msa"",""partOfSpeech"":""noun""}"
"6319","1","PRAISE","سبحان","review","msa","medium","","","","","noun","construction-or-sense-review","PRAISE — سبحان: The glorification formula has a religious constructional use; it is not automatically an interchangeable standalone praise noun.","AI-assisted linguistic review","[]","6319:1","الثناء","false","{""arabic"":""سبحان"",""status"":""review"",""register"":""msa"",""partOfSpeech"":""noun""}"
"2524","1","NOTED","ملاحظة","review","msa","medium","","","","","noun","construction-or-sense-review","NOTED — ملاحظة: A note/observation noun is not by itself a clear rendering of noted; context might justify a construction, so retain review.","AI-assisted linguistic review","[]","2524:1","ملاحظة","true","{""arabic"":""ملاحظة"",""status"":""review"",""register"":""msa"",""partOfSpeech"":""noun""}"
"5764","0","RESET","استرجع","review","msa","medium","","","","","verb","construction-or-sense-review","RESET — استرجع: Retrieve/recover/go back does not unambiguously express resetting; retain review rather than overwriting the Arabic.","AI-assisted linguistic review","[]","5764:0","إعادة تعيين","false","{""arabic"":""استرجع"",""status"":""review"",""register"":""msa"",""partOfSpeech"":""verb""}"
"6824","0","RETRO","الرجعية","review","msa","medium","","","","","adjective","construction-or-sense-review","RETRO — الرجعية: The political reactionary sense may mislead a learner expecting retrospective design/style; leave the sense unresolved.","AI-assisted linguistic review","[]","6824:0","الرجعية","true","{""arabic"":""الرجعية"",""status"":""review"",""register"":""msa"",""partOfSpeech"":""adjective""}"
"6824","1","RETRO","رجعي","review","msa","medium","","","","","adjective","construction-or-sense-review","RETRO — رجعي: Reactionary/backward-looking and retro style are not automatically equivalent; secondary uses require evidence.","AI-assisted linguistic review","[]","6824:1","الرجعية","false","{""arabic"":""رجعي"",""status"":""review"",""register"":""msa"",""partOfSpeech"":""adjective""}"
"6824","2","RETRO","ريترو","review","uncertain","medium","","","","","adjective","register-review","RETRO — ريترو: Retrospective style is not automatically equivalent to political reactionary meaning; borrowing register also needs support.","AI-assisted linguistic review","[]","6824:2","الرجعية","false","{""arabic"":""ريترو"",""status"":""review"",""register"":""uncertain"",""partOfSpeech"":""adjective""}"
"6599","0","TECHNO","كنو","review","uncertain","medium","","","","","noun","register-review","TECHNO — كنو: The music borrowing and apparently incomplete spelling need register/orthographic evidence before approval; no automatic repair.","AI-assisted linguistic review","[]","6599:0","تكنو","false","{""arabic"":""كنو"",""status"":""review"",""register"":""uncertain"",""partOfSpeech"":""noun""}"
"6599","1","TECHNO","تكنو","review","uncertain","medium","","","","","noun","register-review","TECHNO — تكنو: The music borrowing and apparently incomplete spelling need register/orthographic evidence before approval; no automatic repair.","AI-assisted linguistic review","[]","6599:1","تكنو","true","{""arabic"":""تكنو"",""status"":""review"",""register"":""uncertain"",""partOfSpeech"":""noun""}"
"4852","1","MINT","منت","review","uncertain","high","false","false","false","false","noun","unsuitable-unclassified","MINT — منت: The herb noun is valid; the bare name-like borrowing does not establish a general herb or coinage equivalent.","AI-assisted linguistic review","[]","4852:1","النعناع","false","{""arabic"":""منت"",""status"":""review"",""register"":""uncertain"",""partOfSpeech"":""noun"",""allowedForEnToAr"":false,""allowedForArToEn"":false,""preferredForEnToAr"":false,""preferredForArToEn"":false}"
