priority,category,english,arabic,source_ids,reason,suggestion
"1","possibly-malformed","IT","بل...","h15:t0","Missing Arabic letters or suspicious editorial/punctuation residue",""
"1","consolidated-duplicate","NOT","لا.","h16:t4 h16:t1","Consolidated; original display and reference retained in action log",""
"1","dialect-rejected","NOT","مش","h16:t3","Relationship-specific dialect evidence: https://en.wiktionary.org/wiki/مش#Egyptian_Arabic",""
"1","consolidated-duplicate","THEY","هم.","h48:t2 h48:t0","Consolidated; original display and reference retained in action log",""
"1","consolidated-duplicate","THERE","هناك.","h60:t1 h60:t0","Consolidated; original display and reference retained in action log",""
"1","consolidated-duplicate","WHO","مَن","h69:t2 h69:t0","Consolidated; original display and reference retained in action log",""
"1","dialect-rejected","HOW","ازاي","h81:t0","Relationship-specific dialect evidence: https://en.wiktionary.org/wiki/ازاي#Egyptian_Arabic",""
"1","dialect-rejected","HOW","شلون","h81:t1","Relationship-specific dialect evidence: https://en.wiktionary.org/wiki/شلون#Gulf_Arabic",""
"1","possibly-malformed","THAN","من...","h91:t0","Missing Arabic letters or suspicious editorial/punctuation residue",""
"1","consolidated-duplicate","THEM","هم.","h122:t1 h122:t0","Consolidated; original display and reference retained in action log",""
"1","consolidated-duplicate","PLEASE","رجاءً","h133:t4 h133:t1","Consolidated; original display and reference retained in action log",""
"1","consolidated-duplicate","WELL","حسناً","h145:t1 h145:t0","Consolidated; original display and reference retained in action log",""
"1","consolidated-duplicate","SHE","هي.","h156:t2 h156:t1","Consolidated; original display and reference retained in action log",""
"1","dialect-rejected","BECAUSE","عشان","h218:t2","Relationship-specific dialect evidence: https://en.wiktionary.org/wiki/عشان#Egyptian_Arabic",""
"1","repeated-word","JOHN","جون جون","h345:t2","Immediate repetition may be malformed or intentional; suggestion is NOT applied","جون"
"1","dialect-rejected","WHY","ليش","h355:t0","Relationship-specific dialect evidence: https://uark.pressbooks.pub/levantinecolloquialarabic/chapter/6-4-grammar-2-asking-why-ليش/",""
"1","consolidated-duplicate","WHY","لماذا؟","h355:t3 h355:t1","Consolidated; original display and reference retained in action log",""
"1","repeated-word","CANADA","كندا كندا","h397:t1","Immediate repetition may be malformed or intentional; suggestion is NOT applied","كندا"
"1","repeated-word","BOX","مربع مربع","h418:t4","Immediate repetition may be malformed or intentional; suggestion is NOT applied","مربع"
"1","repeated-word","REALLY","حقا حقا","h439:t2","Immediate repetition may be malformed or intentional; suggestion is NOT applied","حقا"
"1","repeated-word","JULY","يوليو يوليو","h463:t2","Immediate repetition may be malformed or intentional; suggestion is NOT applied","يوليو"
"1","repeated-word","TEST","اختبار اختبار","h467:t3","Immediate repetition may be malformed or intentional; suggestion is NOT applied","اختبار"
"1","repeated-word","MAKING","صنع صنع","h588:t2","Immediate repetition may be malformed or intentional; suggestion is NOT applied","صنع"
"1","possibly-malformed","LONDON","لندن”","h606:t1","Missing Arabic letters or suspicious editorial/punctuation residue",""
"1","repeated-word","GARDEN","حديقة حديقة","h619:t2","Immediate repetition may be malformed or intentional; suggestion is NOT applied","حديقة"
"1","repeated-word","STORIES","قصص قصص","h635:t4","Immediate repetition may be malformed or intentional; suggestion is NOT applied","قصص"
"1","consolidated-duplicate","AWAY","بعيداً","h655:t1 h655:t0","Consolidated; original display and reference retained in action log",""
"1","possibly-malformed","AUSTRALIA","أستراليا أستراليا”","h658:t1","Missing Arabic letters or suspicious editorial/punctuation residue",""
"1","consolidated-duplicate","FIVE","خمسة.","h717:t3 h717:t0","Consolidated; original display and reference retained in action log",""
"1","possibly-malformed","FRANCE","فرنسا”","h731:t3","Missing Arabic letters or suspicious editorial/punctuation residue",""
"1","repeated-word","CHEAP","رخيصة رخيصة","h777:t3","Immediate repetition may be malformed or intentional; suggestion is NOT applied","رخيصة"
"1","possibly-malformed","EUROPE","أوروبا”","h788:t2","Missing Arabic letters or suspicious editorial/punctuation residue",""
"1","consolidated-duplicate","EDIT","حرّر","h798:t4 h798:t0","Consolidated; original display and reference retained in action log",""
"1","consolidated-duplicate","TOGETHER","معاً","h799:t3 h799:t2","Consolidated; original display and reference retained in action log",""
"1","repeated-word","FUNCTION","وظيفة وظيفة","h803:t4","Immediate repetition may be malformed or intentional; suggestion is NOT applied","وظيفة"
"1","repeated-word","GERMANY","ألمانيا ألمانيا","h818:t1","Immediate repetition may be malformed or intentional; suggestion is NOT applied","ألمانيا"
"1","consolidated-duplicate","THANKS","شكرًا","h826:t3 h826:t2","Consolidated; original display and reference retained in action log",""
"1","repeated-word","JAMES","جيمس جيمس","h834:t2","Immediate repetition may be malformed or intentional; suggestion is NOT applied","جيمس"
"1","repeated-word","MAGAZINE","مجلة مجلة","h846:t3","Immediate repetition may be malformed or intentional; suggestion is NOT applied","مجلة"
"1","repeated-word","LOAN","قرض قرض","h863:t2","Immediate repetition may be malformed or intentional; suggestion is NOT applied","قرض"
"1","consolidated-duplicate","INDIA","الهند.","h867:t3 h867:t1","Consolidated; original display and reference retained in action log",""
"1","repeated-word","MICHAEL","مايكل مايكل","h873:t1","Immediate repetition may be malformed or intentional; suggestion is NOT applied","مايكل"
"1","repeated-word","STEP","خطوة خطوة","h877:t2","Immediate repetition may be malformed or intentional; suggestion is NOT applied","خطوة"
"1","repeated-word","PAUL","بول بول","h885:t2","Immediate repetition may be malformed or intentional; suggestion is NOT applied","بول"
"1","consolidated-duplicate","LATER","لاحقاً","h891:t2 h891:t0","Consolidated; original display and reference retained in action log",""
"1","repeated-word","JAPAN","اليابان اليابان","h942:t2","Immediate repetition may be malformed or intentional; suggestion is NOT applied","اليابان"
"1","repeated-word","INSTITUTE","معهد معهد","h988:t2","Immediate repetition may be malformed or intentional; suggestion is NOT applied","معهد"
"1","consolidated-duplicate","SOON","قريباً","h997:t1 h997:t0","Consolidated; original display and reference retained in action log",""
"1","consolidated-duplicate","NOTHING","لاشيء","h1042:t0 h1042:t1","Consolidated; original display and reference retained in action log",""
"1","consolidated-duplicate","TUESDAY","الثلاثاء,","h1088:t1 h1088:t0","Consolidated; original display and reference retained in action log",""
"1","repeated-word","BAND","الفرقة الفرقة","h1112:t2","Immediate repetition may be malformed or intentional; suggestion is NOT applied","الفرقة"
"1","repeated-word","ASIAN","الآسيوية الآسيوية","h1155:t3","Immediate repetition may be malformed or intentional; suggestion is NOT applied","الآسيوية"
"1","repeated-word","INDUSTRIAL","الصناعية الصناعية","h1159:t3","Immediate repetition may be malformed or intentional; suggestion is NOT applied","الصناعية"
"1","repeated-word","THOMAS","توماس توماس","h1176:t2","Immediate repetition may be malformed or intentional; suggestion is NOT applied","توماس"
"1","repeated-word","SMITH","سميث سميث","h1213:t1","Immediate repetition may be malformed or intentional; suggestion is NOT applied","سميث"
"1","repeated-word","STATION","محطة محطة","h1237:t2","Immediate repetition may be malformed or intentional; suggestion is NOT applied","محطة"
"1","consolidated-duplicate","CHRISTIAN","المسيحيّة","h1238:t4 h1238:t0","Consolidated; original display and reference retained in action log",""
"1","repeated-word","BLOOD","الدم الدم","h1253:t4","Immediate repetition may be malformed or intentional; suggestion is NOT applied","الدم"
"1","repeated-word","HALL","قاعة قاعة","h1259:t4","Immediate repetition may be malformed or intentional; suggestion is NOT applied","قاعة"
"1","possibly-malformed","ITALY","إيطاليا”","h1284:t1","Missing Arabic letters or suspicious editorial/punctuation residue",""
"1","repeated-word","PETER","بيتر بيتر","h1299:t2","Immediate repetition may be malformed or intentional; suggestion is NOT applied","بيتر"
"1","repeated-word","BIN","بن بن","h1368:t1","Immediate repetition may be malformed or intentional; suggestion is NOT applied","بن"
"1","consolidated-duplicate","CANADIAN","الكنديّة","h1381:t4 h1381:t3","Consolidated; original display and reference retained in action log",""
"1","repeated-word","CHINESE","الصينية الصينية","h1393:t4","Immediate repetition may be malformed or intentional; suggestion is NOT applied","الصينية"
"1","repeated-word","ASIA","آسيا آسيا","h1395:t1","Immediate repetition may be malformed or intentional; suggestion is NOT applied","آسيا"
"1","repeated-word","INDIAN","هندي هندي","h1432:t4","Immediate repetition may be malformed or intentional; suggestion is NOT applied","هندي"
"1","repeated-word","MARY","ماري ماري","h1435:t3","Immediate repetition may be malformed or intentional; suggestion is NOT applied","ماري"
"1","possibly-malformed","IRAQ","العراق”","h1459:t2","Missing Arabic letters or suspicious editorial/punctuation residue",""
"1","repeated-word","PLANT","مصنع مصنع","h1468:t5","Immediate repetition may be malformed or intentional; suggestion is NOT applied","مصنع"
"1","repeated-word","MINI","ميني ميني","h1474:t3","Immediate repetition may be malformed or intentional; suggestion is NOT applied","ميني"
"1","repeated-word","PACK","حزمة حزمة","h1489:t1","Immediate repetition may be malformed or intentional; suggestion is NOT applied","حزمة"
"1","repeated-word","INTERNAL","داخلي داخلي","h1492:t4","Immediate repetition may be malformed or intentional; suggestion is NOT applied","داخلي"
"1","repeated-word","RICHARD","ريتشارد ريتشارد","h1497:t1","Immediate repetition may be malformed or intentional; suggestion is NOT applied","ريتشارد"
"1","possibly-malformed","SPAIN","إسبانيا”","h1516:t1","Missing Arabic letters or suspicious editorial/punctuation residue",""
"1","repeated-word","MARTIN","مارتن مارتن","h1573:t2","Immediate repetition may be malformed or intentional; suggestion is NOT applied","مارتن"
"1","repeated-word","PARIS","باريس باريس","h1594:t1","Immediate repetition may be malformed or intentional; suggestion is NOT applied","باريس"
"1","repeated-word","JERSEY","جيرسي جيرسي","h1600:t2","Immediate repetition may be malformed or intentional; suggestion is NOT applied","جيرسي"
"1","repeated-word","ELECTRIC","كهربائي كهربائي","h1604:t2","Immediate repetition may be malformed or intentional; suggestion is NOT applied","كهربائي"
"1","repeated-word","MIKE","مايك مايك","h1616:t1","Immediate repetition may be malformed or intentional; suggestion is NOT applied","مايك"
"1","consolidated-duplicate","TEN","عشرة.","h1663:t4 h1663:t1","Consolidated; original display and reference retained in action log",""
"1","repeated-word","ROYAL","الملكي الملكي","h1713:t2","Immediate repetition may be malformed or intentional; suggestion is NOT applied","الملكي"
"1","repeated-word","SQUARE","مربع مربع","h1736:t4","Immediate repetition may be malformed or intentional; suggestion is NOT applied","مربع"
"1","repeated-word","CHRIS","كريس كريس","h1737:t2","Immediate repetition may be malformed or intentional; suggestion is NOT applied","كريس"
"1","repeated-word","CHARLES","تشارلز تشارلز","h1750:t4","Immediate repetition may be malformed or intentional; suggestion is NOT applied","تشارلز"
"1","repeated-word","PIECE","قطعة قطعة","h1754:t2","Immediate repetition may be malformed or intentional; suggestion is NOT applied","قطعة"
"1","repeated-word","SEVEN","سبعة سبعة","h1757:t3","Immediate repetition may be malformed or intentional; suggestion is NOT applied","سبعة"
"1","repeated-word","CLINICAL","السريرية السريرية","h1803:t1","Immediate repetition may be malformed or intentional; suggestion is NOT applied","السريرية"
"1","repeated-word","SCIENTIFIC","العلمية العلمية","h1830:t2","Immediate repetition may be malformed or intentional; suggestion is NOT applied","العلمية"
"1","repeated-word","STEVE","ستيف ستيف","h1848:t1","Immediate repetition may be malformed or intentional; suggestion is NOT applied","ستيف"
"1","repeated-word","SCOTT","سكوت سكوت","h1870:t1","Immediate repetition may be malformed or intentional; suggestion is NOT applied","سكوت"
"1","repeated-word","BAG","حقيبة حقيبة","h1890:t5","Immediate repetition may be malformed or intentional; suggestion is NOT applied","حقيبة"
"1","repeated-word","WILD","البرية البرية","h1918:t3","Immediate repetition may be malformed or intentional; suggestion is NOT applied","البرية"
"1","possibly-malformed","ISRAEL","إسرائيل”","h1939:t1","Missing Arabic letters or suspicious editorial/punctuation residue",""
"1","repeated-word","POCKET","جيب جيب","h1962:t3","Immediate repetition may be malformed or intentional; suggestion is NOT applied","جيب"
"1","repeated-word","LOUIS","لويس لويس","h1999:t0","Immediate repetition may be malformed or intentional; suggestion is NOT applied","لويس"
"1","consolidated-duplicate","IMMEDIATELY","فوراً","h2022:t1 h2022:t0","Consolidated; original display and reference retained in action log",""
"1","repeated-word","SOLID","الصلبة الصلبة","h2043:t4","Immediate repetition may be malformed or intentional; suggestion is NOT applied","الصلبة"
"1","repeated-word","MOUNT","جبل جبل","h2084:t2","Immediate repetition may be malformed or intentional; suggestion is NOT applied","جبل"
"1","repeated-word","LATIN","اللاتينية اللاتينية","h2089:t2","Immediate repetition may be malformed or intentional; suggestion is NOT applied","اللاتينية"
"1","repeated-word","KONG","كونغ كونغ","h2115:t2","Immediate repetition may be malformed or intentional; suggestion is NOT applied","كونغ"
"1","repeated-word","RUSSIA","روسيا روسيا","h2202:t1","Immediate repetition may be malformed or intentional; suggestion is NOT applied","روسيا"
"1","repeated-word","ELECTRICAL","الكهربائية الكهربائية","h2222:t2","Immediate repetition may be malformed or intentional; suggestion is NOT applied","الكهربائية"
"1","repeated-word","PATTERN","نمط نمط","h2226:t2","Immediate repetition may be malformed or intentional; suggestion is NOT applied","نمط"
"1","repeated-word","HARRY","هاري هاري","h2240:t2","Immediate repetition may be malformed or intentional; suggestion is NOT applied","هاري"
"1","consolidated-duplicate","EVENING","مساءً","h2245:t2 h2245:t1","Consolidated; original display and reference retained in action log",""
"1","repeated-word","ASSEMBLY","الجمعية الجمعية","h2246:t2","Immediate repetition may be malformed or intentional; suggestion is NOT applied","الجمعية"
"1","consolidated-duplicate","EIGHT","ثمانية.","h2300:t3 h2300:t1","Consolidated; original display and reference retained in action log",""
"1","repeated-word","STRAIGHT","مستقيم مستقيم","h2303:t2","Immediate repetition may be malformed or intentional; suggestion is NOT applied","مستقيم"
"1","repeated-word","ALERT","تنبيه تنبيه","h2311:t2","Immediate repetition may be malformed or intentional; suggestion is NOT applied","تنبيه"
"1","repeated-word","SWEET","الحلو الحلو","h2326:t3","Immediate repetition may be malformed or intentional; suggestion is NOT applied","الحلو"
"1","repeated-word","RAY","راي راي","h2339:t2","Immediate repetition may be malformed or intentional; suggestion is NOT applied","راي"
"1","repeated-word","DRY","جاف جاف","h2365:t3","Immediate repetition may be malformed or intentional; suggestion is NOT applied","جاف"
"1","repeated-word","ZERO","صفر صفر","h2434:t3","Immediate repetition may be malformed or intentional; suggestion is NOT applied","صفر"
"1","consolidated-duplicate","SPEAKER","المتكلم:","h2435:t4 h2435:t2","Consolidated; original display and reference retained in action log",""
"1","possibly-malformed","NETHERLANDS","هولندا”","h2437:t2","Missing Arabic letters or suspicious editorial/punctuation residue",""
"1","repeated-word","ROLL","لفة لفة","h2447:t2","Immediate repetition may be malformed or intentional; suggestion is NOT applied","لفة"
"1","repeated-word","KELLY","كيلي كيلي","h2453:t1","Immediate repetition may be malformed or intentional; suggestion is NOT applied","كيلي"
"1","repeated-word","DELL","ديل ديل","h2575:t1","Immediate repetition may be malformed or intentional; suggestion is NOT applied","ديل"
"1","repeated-word","EXCLUSIVE","حصري حصري","h2583:t4","Immediate repetition may be malformed or intentional; suggestion is NOT applied","حصري"
"1","repeated-word","CAPE","الرأس الرأس","h2605:t3","Immediate repetition may be malformed or intentional; suggestion is NOT applied","الرأس"
"1","repeated-word","PROPER","السليم السليم","h2660:t0","Immediate repetition may be malformed or intentional; suggestion is NOT applied","السليم"
"1","consolidated-duplicate","HEY","مرحباً","h2687:t4 h2687:t2","Consolidated; original display and reference retained in action log",""
"1","repeated-word","SLOW","بطيئة بطيئة","h2737:t3","Immediate repetition may be malformed or intentional; suggestion is NOT applied","بطيئة"
"1","repeated-word","NINE","تسعة تسعة","h2745:t2","Immediate repetition may be malformed or intentional; suggestion is NOT applied","تسعة"
"1","repeated-word","FACTORY","مصنع مصنع","h2755:t2","Immediate repetition may be malformed or intentional; suggestion is NOT applied","مصنع"
"1","repeated-word","INTERIOR","الداخلية الداخلية","h2756:t4","Immediate repetition may be malformed or intentional; suggestion is NOT applied","الداخلية"
"1","repeated-word","REASONABLE","معقول معقول","h2771:t2","Immediate repetition may be malformed or intentional; suggestion is NOT applied","معقول"
"1","repeated-word","SERIAL","المسلسل المسلسل","h2773:t3","Immediate repetition may be malformed or intentional; suggestion is NOT applied","المسلسل"
"1","repeated-word","HOLE","ثقب ثقب","h2796:t4","Immediate repetition may be malformed or intentional; suggestion is NOT applied","ثقب"
"1","consolidated-duplicate","SPECIFICALLY","تحديداً","h2801:t2 h2801:t1","Consolidated; original display and reference retained in action log",""
"1","repeated-word","SPECS","المواصفات المواصفات","h2809:t2","Immediate repetition may be malformed or intentional; suggestion is NOT applied","المواصفات"
"1","repeated-word","STATIONS","محطات محطات","h2840:t2","Immediate repetition may be malformed or intentional; suggestion is NOT applied","محطات"
"1","repeated-word","COMPETITIVE","تنافسية تنافسية","h2861:t3","Immediate repetition may be malformed or intentional; suggestion is NOT applied","تنافسية"
"1","repeated-word","GREEK","اليونانية اليونانية","h2894:t4","Immediate repetition may be malformed or intentional; suggestion is NOT applied","اليونانية"
"1","repeated-word","KILL","قتل قتل","h2916:t1","Immediate repetition may be malformed or intentional; suggestion is NOT applied","قتل"
"1","repeated-word","HOLDING","عقد عقد","h2941:t0","Immediate repetition may be malformed or intentional; suggestion is NOT applied","عقد"
"1","repeated-word","ORGANIC","العضوية العضوية","h2986:t3","Immediate repetition may be malformed or intentional; suggestion is NOT applied","العضوية"
"1","repeated-word","TONY","توني توني","h3001:t2","Immediate repetition may be malformed or intentional; suggestion is NOT applied","توني"
"1","repeated-word","TEMPLATE","قالب قالب","h3015:t2","Immediate repetition may be malformed or intentional; suggestion is NOT applied","قالب"
"1","repeated-word","MATT","مات مات","h3033:t1","Immediate repetition may be malformed or intentional; suggestion is NOT applied","مات"
"1","repeated-word","HOLY","المقدسة المقدسة","h3054:t3","Immediate repetition may be malformed or intentional; suggestion is NOT applied","المقدسة"
"1","possible-dialect","MESH","مش","h3057:t0","Dialect-like token in an unverified sense; may be a name or transliteration",""
"1","repeated-word","TRAIL","درب درب","h3058:t3","Immediate repetition may be malformed or intentional; suggestion is NOT applied","درب"
"1","repeated-word","JEAN","جين جين","h3135:t0","Immediate repetition may be malformed or intentional; suggestion is NOT applied","جين"
"1","repeated-word","GUN","بندقية بندقية","h3147:t1","Immediate repetition may be malformed or intentional; suggestion is NOT applied","بندقية"
"1","repeated-word","WARM","دافئ دافئ","h3170:t2","Immediate repetition may be malformed or intentional; suggestion is NOT applied","دافئ"
"1","repeated-word","LEWIS","لويس لويس","h3172:t0","Immediate repetition may be malformed or intentional; suggestion is NOT applied","لويس"
"1","consolidated-duplicate","ENABLED","مكّن","h3201:t1 h3201:t0","Consolidated; original display and reference retained in action log",""
"1","repeated-word","REAR","الخلفية الخلفية","h3207:t0","Immediate repetition may be malformed or intentional; suggestion is NOT applied","الخلفية"
"1","repeated-word","FORMAL","رسمي رسمي","h3217:t3","Immediate repetition may be malformed or intentional; suggestion is NOT applied","رسمي"
"1","repeated-word","LOCK","قفل قفل","h3220:t2","Immediate repetition may be malformed or intentional; suggestion is NOT applied","قفل"
"1","repeated-word","STORM","عاصفة عاصفة","h3222:t3","Immediate repetition may be malformed or intentional; suggestion is NOT applied","عاصفة"
"1","repeated-word","SUPREME","العليا العليا","h3233:t1","Immediate repetition may be malformed or intentional; suggestion is NOT applied","العليا"
"1","repeated-word","PAINT","الطلاء الطلاء","h3254:t4","Immediate repetition may be malformed or intentional; suggestion is NOT applied","الطلاء"
"1","repeated-word","OUTLET","منفذ منفذ","h3257:t0","Immediate repetition may be malformed or intentional; suggestion is NOT applied","منفذ"
"1","repeated-word","DISH","طبق طبق","h3276:t4","Immediate repetition may be malformed or intentional; suggestion is NOT applied","طبق"
"1","consolidated-duplicate","TOMORROW","غداً","h3364:t5 h3364:t4","Consolidated; original display and reference retained in action log",""
"1","repeated-word","MILK","حليب حليب","h3366:t5","Immediate repetition may be malformed or intentional; suggestion is NOT applied","حليب"
"1","consolidated-duplicate","YOURS","لكِ","h3396:t2 h3396:t1","Consolidated; original display and reference retained in action log",""
"1","repeated-word","CHICKEN","دجاج دجاج","h3401:t3","Immediate repetition may be malformed or intentional; suggestion is NOT applied","دجاج"
"1","repeated-word","MOORE","مور مور","h3532:t1","Immediate repetition may be malformed or intentional; suggestion is NOT applied","مور"
"1","consolidated-duplicate","GRANTED","مُنحت","h3533:t2 h3533:t0","Consolidated; original display and reference retained in action log",""
"1","repeated-word","MAGNETIC","المغناطيسي المغناطيسي","h3538:t1","Immediate repetition may be malformed or intentional; suggestion is NOT applied","المغناطيسي"
"1","repeated-word","BRIGHT","مشرق مشرق","h3548:t4","Immediate repetition may be malformed or intentional; suggestion is NOT applied","مشرق"
"1","repeated-word","EXPERIMENTAL","تجريبي تجريبي","h3558:t2","Immediate repetition may be malformed or intentional; suggestion is NOT applied","تجريبي"
"1","repeated-word","DIRECTORIES","الدلائل الدلائل","h3586:t0","Immediate repetition may be malformed or intentional; suggestion is NOT applied","الدلائل"
"1","consolidated-duplicate","DUTCH","الهولنديّة","h3611:t3 h3611:t2","Consolidated; original display and reference retained in action log",""
"1","repeated-word","CONCRETE","ملموسة ملموسة","h3620:t3","Immediate repetition may be malformed or intentional; suggestion is NOT applied","ملموسة"
"1","consolidated-duplicate","FOLDER","مجلّد","h3623:t2 h3623:t1","Consolidated; original display and reference retained in action log",""
"1","repeated-word","TECHNIQUE","تقنية تقنية","h3630:t2","Immediate repetition may be malformed or intentional; suggestion is NOT applied","تقنية"
"1","repeated-word","ACCIDENT","حادث حادث","h3648:t3","Immediate repetition may be malformed or intentional; suggestion is NOT applied","حادث"
"1","repeated-word","NICK","نيك نيك","h3649:t2","Immediate repetition may be malformed or intentional; suggestion is NOT applied","نيك"
"1","repeated-word","PUMP","مضخة مضخة","h3659:t3","Immediate repetition may be malformed or intentional; suggestion is NOT applied","مضخة"
"1","repeated-word","NARROW","ضيق ضيق","h3669:t2","Immediate repetition may be malformed or intentional; suggestion is NOT applied","ضيق"
"1","repeated-word","CONTROLLER","تحكم تحكم","h3676:t1","Immediate repetition may be malformed or intentional; suggestion is NOT applied","تحكم"
"1","repeated-word","STABLE","مستقرة مستقرة","h3723:t2","Immediate repetition may be malformed or intentional; suggestion is NOT applied","مستقرة"
"1","consolidated-duplicate","ENHANCED","معزّز","h3735:t2 h3735:t1","Consolidated; original display and reference retained in action log",""
"1","repeated-word","BOTTLE","زجاجة زجاجة","h3796:t4","Immediate repetition may be malformed or intentional; suggestion is NOT applied","زجاجة"
"1","repeated-word","INNER","الداخلية الداخلية","h3825:t4","Immediate repetition may be malformed or intentional; suggestion is NOT applied","الداخلية"
"1","repeated-word","FORMATION","تشكيل تشكيل","h3826:t2","Immediate repetition may be malformed or intentional; suggestion is NOT applied","تشكيل"
"1","repeated-word","CORRESPONDING","المقابلة المقابلة","h3876:t1","Immediate repetition may be malformed or intentional; suggestion is NOT applied","المقابلة"
"1","repeated-word","ALARM","إنذار إنذار","h3903:t3","Immediate repetition may be malformed or intentional; suggestion is NOT applied","إنذار"
"1","consolidated-duplicate","QUIET","هدوء.","h3958:t5 h3958:t4","Consolidated; original display and reference retained in action log",""
"1","repeated-word","GROSS","الإجمالي الإجمالي","h4003:t2","Immediate repetition may be malformed or intentional; suggestion is NOT applied","الإجمالي"
"1","repeated-word","VICTORY","النصر النصر","h4025:t4","Immediate repetition may be malformed or intentional; suggestion is NOT applied","النصر"
"1","repeated-word","STRUCTURAL","الهيكلية الهيكلية","h4044:t2","Immediate repetition may be malformed or intentional; suggestion is NOT applied","الهيكلية"
"1","repeated-word","PROMISE","وعد وعد","h4090:t4","Immediate repetition may be malformed or intentional; suggestion is NOT applied","وعد"
"1","repeated-word","TROPICAL","الاستوائية الاستوائية","h4103:t1","Immediate repetition may be malformed or intentional; suggestion is NOT applied","الاستوائية"
"1","repeated-word","MUTUAL","المتبادلة المتبادلة","h4124:t3","Immediate repetition may be malformed or intentional; suggestion is NOT applied","المتبادلة"
"1","consolidated-duplicate","TESTIMONIALS","الشهادات.","h4197:t2 h4197:t0","Consolidated; original display and reference retained in action log",""
"1","consolidated-duplicate","OKAY","حسناً","h4216:t2 h4216:t1","Consolidated; original display and reference retained in action log",""
"1","repeated-word","CRASH","تحطم تحطم","h4229:t2","Immediate repetition may be malformed or intentional; suggestion is NOT applied","تحطم"
"1","repeated-word","VENTURE","مشروع مشروع","h4244:t0","Immediate repetition may be malformed or intentional; suggestion is NOT applied","مشروع"
"1","consolidated-duplicate","KOREAN","الكوريّة","h4246:t4 h4246:t1","Consolidated; original display and reference retained in action log",""
"1","repeated-word","SEAN","شون شون","h4283:t0","Immediate repetition may be malformed or intentional; suggestion is NOT applied","شون"
"1","repeated-word","EAR","الأذن الأذن","h4321:t1","Immediate repetition may be malformed or intentional; suggestion is NOT applied","الأذن"
"1","repeated-word","RACK","رف رف","h4400:t2","Immediate repetition may be malformed or intentional; suggestion is NOT applied","رف"
"1","repeated-word","ROSS","روس روس","h4429:t1","Immediate repetition may be malformed or intentional; suggestion is NOT applied","روس"
"1","repeated-word","MARIA","ماريا ماريا","h4438:t1","Immediate repetition may be malformed or intentional; suggestion is NOT applied","ماريا"
"1","repeated-word","NOVA","نوفا نوفا","h4463:t1","Immediate repetition may be malformed or intentional; suggestion is NOT applied","نوفا"
"1","repeated-word","ATHLETIC","رياضي رياضي","h4472:t1","Immediate repetition may be malformed or intentional; suggestion is NOT applied","رياضي"
"1","repeated-word","ESSAYS","مقالات مقالات","h4474:t2","Immediate repetition may be malformed or intentional; suggestion is NOT applied","مقالات"
"1","repeated-word","INTELLIGENT","ذكي ذكي","h4482:t2","Immediate repetition may be malformed or intentional; suggestion is NOT applied","ذكي"
"1","repeated-word","TERRY","تيري تيري","h4525:t1","Immediate repetition may be malformed or intentional; suggestion is NOT applied","تيري"
"1","repeated-word","POLISH","البولندية البولندية","h4542:t2","Immediate repetition may be malformed or intentional; suggestion is NOT applied","البولندية"
"1","repeated-word","JERRY","جيري جيري","h4546:t1","Immediate repetition may be malformed or intentional; suggestion is NOT applied","جيري"
"1","repeated-word","INDOOR","داخلي داخلي","h4551:t0","Immediate repetition may be malformed or intentional; suggestion is NOT applied","داخلي"
"1","repeated-word","MILL","مطحنة مطحنة","h4600:t1","Immediate repetition may be malformed or intentional; suggestion is NOT applied","مطحنة"
"1","repeated-word","BILLY","بيلي بيلي","h4633:t2","Immediate repetition may be malformed or intentional; suggestion is NOT applied","بيلي"
"1","repeated-word","RECORDER","مسجل مسجل","h4655:t0","Immediate repetition may be malformed or intentional; suggestion is NOT applied","مسجل"
"1","repeated-word","MARC","مارك مارك","h4695:t0","Immediate repetition may be malformed or intentional; suggestion is NOT applied","مارك"
"1","repeated-word","EMOTIONAL","عاطفي عاطفي","h4711:t2","Immediate repetition may be malformed or intentional; suggestion is NOT applied","عاطفي"
"1","repeated-word","PAD","وسادة وسادة","h4714:t0","Immediate repetition may be malformed or intentional; suggestion is NOT applied","وسادة"
"1","repeated-word","WOLF","الذئب الذئب","h4753:t4","Immediate repetition may be malformed or intentional; suggestion is NOT applied","الذئب"
"1","repeated-word","INFANT","رضيع رضيع","h4762:t3","Immediate repetition may be malformed or intentional; suggestion is NOT applied","رضيع"
"1","repeated-word","MARIE","ماري ماري","h4798:t0","Immediate repetition may be malformed or intentional; suggestion is NOT applied","ماري"
"1","repeated-word","FACIAL","الوجه الوجه","h4843:t0","Immediate repetition may be malformed or intentional; suggestion is NOT applied","الوجه"
"1","repeated-word","PHILIP","فيليب فيليب","h4856:t1","Immediate repetition may be malformed or intentional; suggestion is NOT applied","فيليب"
"1","consolidated-duplicate","ENCOURAGED","شُجع","h4871:t2 h4871:t0","Consolidated; original display and reference retained in action log",""
"1","repeated-word","WASH","غسل غسل","h4878:t3","Immediate repetition may be malformed or intentional; suggestion is NOT applied","غسل"
"1","possibly-malformed","LEBANON","لبنان”","h4916:t2","Missing Arabic letters or suspicious editorial/punctuation residue",""
"1","repeated-word","CORP","كورب كورب","h4917:t1","Immediate repetition may be malformed or intentional; suggestion is NOT applied","كورب"
"1","repeated-word","COOPER","كوبر كوبر","h4925:t2","Immediate repetition may be malformed or intentional; suggestion is NOT applied","كوبر"
"1","repeated-word","WALTER","والتر والتر","h4984:t1","Immediate repetition may be malformed or intentional; suggestion is NOT applied","والتر"
"1","repeated-word","CARL","كارل كارل","h5002:t1","Immediate repetition may be malformed or intentional; suggestion is NOT applied","كارل"
"1","repeated-word","MORRIS","موريس موريس","h5028:t0","Immediate repetition may be malformed or intentional; suggestion is NOT applied","موريس"
"1","repeated-word","DOLL","دمية دمية","h5052:t2","Immediate repetition may be malformed or intentional; suggestion is NOT applied","دمية"
"1","repeated-word","INTRO","مقدمة مقدمة","h5091:t1","Immediate repetition may be malformed or intentional; suggestion is NOT applied","مقدمة"
"1","consolidated-duplicate","FONTS","الخطوط:","h5107:t2 h5107:t0","Consolidated; original display and reference retained in action log",""
"1","repeated-word","WRAP","التفاف التفاف","h5109:t0","Immediate repetition may be malformed or intentional; suggestion is NOT applied","التفاف"
"1","repeated-word","TRACE","تتبع تتبع","h5156:t3","Immediate repetition may be malformed or intentional; suggestion is NOT applied","تتبع"
"1","repeated-word","PACKS","حزم حزم","h5160:t1","Immediate repetition may be malformed or intentional; suggestion is NOT applied","حزم"
"1","repeated-word","TURKISH","التركية التركية","h5177:t4","Immediate repetition may be malformed or intentional; suggestion is NOT applied","التركية"
"1","repeated-word","ROBIN","روبن روبن","h5239:t2","Immediate repetition may be malformed or intentional; suggestion is NOT applied","روبن"
"1","repeated-word","VALVE","صمام صمام","h5269:t2","Immediate repetition may be malformed or intentional; suggestion is NOT applied","صمام"
"1","repeated-word","FREEWARE","مجانية مجانية","h5289:t0","Immediate repetition may be malformed or intentional; suggestion is NOT applied","مجانية"
"1","possibly-malformed","ISLAM","الإسلام”","h5301:t2","Missing Arabic letters or suspicious editorial/punctuation residue",""
"1","repeated-word","ADVERSE","السلبية السلبية","h5320:t0","Immediate repetition may be malformed or intentional; suggestion is NOT applied","السلبية"
"1","repeated-word","DISCHARGE","التفريغ التفريغ","h5325:t2","Immediate repetition may be malformed or intentional; suggestion is NOT applied","التفريغ"
"1","repeated-word","ACUTE","حاد حاد","h5329:t0","Immediate repetition may be malformed or intentional; suggestion is NOT applied","حاد"
"1","repeated-word","CAROL","كارول كارول","h5336:t1","Immediate repetition may be malformed or intentional; suggestion is NOT applied","كارول"
"1","repeated-word","RESISTANT","مقاومة مقاومة","h5347:t0","Immediate repetition may be malformed or intentional; suggestion is NOT applied","مقاومة"
"1","repeated-word","PIERRE","بيير بيير","h5364:t1","Immediate repetition may be malformed or intentional; suggestion is NOT applied","بيير"
"1","repeated-word","EXTRACT","استخراج استخراج","h5390:t4","Immediate repetition may be malformed or intentional; suggestion is NOT applied","استخراج"
"1","repeated-word","ACOUSTIC","الصوتية الصوتية","h5424:t0","Immediate repetition may be malformed or intentional; suggestion is NOT applied","الصوتية"
"1","repeated-word","PLANNER","مخطط مخطط","h5449:t1","Immediate repetition may be malformed or intentional; suggestion is NOT applied","مخطط"
"1","repeated-word","SPECTACULAR","مذهلة مذهلة","h5538:t0","Immediate repetition may be malformed or intentional; suggestion is NOT applied","مذهلة"
"1","consolidated-duplicate","NATURALLY","طبيعياً","h5548:t1 h5548:t0","Consolidated; original display and reference retained in action log",""
"1","repeated-word","TONER","الحبر الحبر","h5575:t0","Immediate repetition may be malformed or intentional; suggestion is NOT applied","الحبر"
"1","possibly-malformed","BARCELONA","برشلونة”","h5597:t2","Missing Arabic letters or suspicious editorial/punctuation residue",""
"1","repeated-word","JEWS","اليهود اليهود","h5606:t2","Immediate repetition may be malformed or intentional; suggestion is NOT applied","اليهود"
"1","repeated-word","SUCKING","مص مص","h5648:t0","Immediate repetition may be malformed or intentional; suggestion is NOT applied","مص"
"1","repeated-word","LYNN","لين لين","h5698:t0","Immediate repetition may be malformed or intentional; suggestion is NOT applied","لين"
"1","repeated-word","AUTOS","السيارات السيارات","h5862:t0","Immediate repetition may be malformed or intentional; suggestion is NOT applied","السيارات"
"1","repeated-word","PERRY","بيري بيري","h5865:t1","Immediate repetition may be malformed or intentional; suggestion is NOT applied","بيري"
"1","repeated-word","TAN","تان تان","h5883:t1","Immediate repetition may be malformed or intentional; suggestion is NOT applied","تان"
"1","repeated-word","BLEND","مزيج مزيج","h5913:t3","Immediate repetition may be malformed or intentional; suggestion is NOT applied","مزيج"
"1","repeated-word","MARIO","ماريو ماريو","h6024:t1","Immediate repetition may be malformed or intentional; suggestion is NOT applied","ماريو"
"1","repeated-word","STREAMING","تدفق تدفق","h6044:t0","Immediate repetition may be malformed or intentional; suggestion is NOT applied","تدفق"
"1","possibly-malformed","MOROCCO","المغرب”","h6089:t1","Missing Arabic letters or suspicious editorial/punctuation residue",""
"1","repeated-word","STRAIN","سلالة سلالة","h6182:t2","Immediate repetition may be malformed or intentional; suggestion is NOT applied","سلالة"
"1","repeated-word","FILLING","ملء ملء","h6209:t1","Immediate repetition may be malformed or intentional; suggestion is NOT applied","ملء"
"1","repeated-word","VOCAL","الصوتية الصوتية","h6219:t0","Immediate repetition may be malformed or intentional; suggestion is NOT applied","الصوتية"
"1","repeated-word","CHRISTIANITY","المسيحية المسيحية","h6325:t2","Immediate repetition may be malformed or intentional; suggestion is NOT applied","المسيحية"
"1","repeated-word","LANDING","الهبوط الهبوط","h6328:t2","Immediate repetition may be malformed or intentional; suggestion is NOT applied","الهبوط"
"1","consolidated-duplicate","EXECUTE","نفّذ","h6412:t2 h6412:t0","Consolidated; original display and reference retained in action log",""
"1","repeated-word","PENDANT","قلادة قلادة","h6472:t2","Immediate repetition may be malformed or intentional; suggestion is NOT applied","قلادة"
"1","consolidated-duplicate","CLOCKS","الساعات.","h6478:t1 h6478:t0","Consolidated; original display and reference retained in action log",""
"1","repeated-word","KUWAIT","الكويت الكويت","h6537:t2","Immediate repetition may be malformed or intentional; suggestion is NOT applied","الكويت"
"1","repeated-word","TON","طن طن","h6587:t3","Immediate repetition may be malformed or intentional; suggestion is NOT applied","طن"
"1","consolidated-duplicate","RARELY","نادراً","h6610:t1 h6610:t0","Consolidated; original display and reference retained in action log",""
"1","repeated-word","BARRIER","حاجز حاجز","h6615:t2","Immediate repetition may be malformed or intentional; suggestion is NOT applied","حاجز"
"1","repeated-word","JAMIE","جيمي جيمي","h6627:t1","Immediate repetition may be malformed or intentional; suggestion is NOT applied","جيمي"
"1","repeated-word","JEFFREY","جيفري جيفري","h6645:t1","Immediate repetition may be malformed or intentional; suggestion is NOT applied","جيفري"
"1","repeated-word","JOAN","جون جون","h6654:t0","Immediate repetition may be malformed or intentional; suggestion is NOT applied","جون"
"1","consolidated-duplicate","SADDAM","صدّام","h6672:t1 h6672:t0","Consolidated; original display and reference retained in action log",""
"1","repeated-word","COGNITIVE","المعرفي المعرفي","h6694:t1","Immediate repetition may be malformed or intentional; suggestion is NOT applied","المعرفي"
"1","repeated-word","VOLT","فولت فولت","h6701:t1","Immediate repetition may be malformed or intentional; suggestion is NOT applied","فولت"
"1","repeated-word","STEADY","ثابت ثابت","h6708:t4","Immediate repetition may be malformed or intentional; suggestion is NOT applied","ثابت"
"1","repeated-word","SCREW","المسمار المسمار","h6721:t0","Immediate repetition may be malformed or intentional; suggestion is NOT applied","المسمار"
"1","repeated-word","RESELLER","موزع موزع","h6731:t0","Immediate repetition may be malformed or intentional; suggestion is NOT applied","موزع"
"1","repeated-word","BRICK","الطوب الطوب","h6768:t2","Immediate repetition may be malformed or intentional; suggestion is NOT applied","الطوب"
"1","repeated-word","GRIP","قبضة قبضة","h6769:t2","Immediate repetition may be malformed or intentional; suggestion is NOT applied","قبضة"
"1","possibly-malformed","SYRIA","سوريا”","h6816:t2","Missing Arabic letters or suspicious editorial/punctuation residue",""
"1","repeated-word","BIZARRE","غريب غريب","h6841:t0","Immediate repetition may be malformed or intentional; suggestion is NOT applied","غريب"
"1","repeated-word","BOOM","بوم بوم","h6896:t2","Immediate repetition may be malformed or intentional; suggestion is NOT applied","بوم"
"1","repeated-word","MIXING","خلط خلط","h6927:t2","Immediate repetition may be malformed or intentional; suggestion is NOT applied","خلط"
"1","repeated-word","DANNY","داني داني","h7017:t1","Immediate repetition may be malformed or intentional; suggestion is NOT applied","داني"
"1","consolidated-duplicate","DISABLE","عطّل","h7056:t2 h7056:t0","Consolidated; original display and reference retained in action log",""
"1","consolidated-duplicate","LONELY","وحيداً","h7079:t3 h7079:t1","Consolidated; original display and reference retained in action log",""
"1","consolidated-duplicate","OFFICIALLY","رسمياً","h7105:t1 h7105:t0","Consolidated; original display and reference retained in action log",""
"1","repeated-word","RACKS","رفوف رفوف","h7165:t2","Immediate repetition may be malformed or intentional; suggestion is NOT applied","رفوف"
"1","possible-dialect","SHAW","شو","h7296:t0","Dialect-like token in an unverified sense; may be a name or transliteration",""
"1","consolidated-duplicate","ZEN","زِن","h7369:t2 h7369:t1","Consolidated; original display and reference retained in action log",""
"1","consolidated-duplicate","BENZ","بنـز","h7408:t1 h7408:t0","Consolidated; original display and reference retained in action log",""
"1","repeated-word","BAILEY","بيلي بيلي","h7426:t1","Immediate repetition may be malformed or intentional; suggestion is NOT applied","بيلي"
"1","repeated-word","CARROLL","كارول كارول","h7504:t0","Immediate repetition may be malformed or intentional; suggestion is NOT applied","كارول"
"1","repeated-word","DEEPER","أعمق أعمق","h7528:t1","Immediate repetition may be malformed or intentional; suggestion is NOT applied","أعمق"
"1","possibly-malformed","MUSLIMS","المسلمين”","h7529:t4","Missing Arabic letters or suspicious editorial/punctuation residue",""
"1","repeated-word","YEA","نعم نعم","h7604:t0","Immediate repetition may be malformed or intentional; suggestion is NOT applied","نعم"
"1","repeated-word","WRAPPING","التفاف التفاف","h7610:t2","Immediate repetition may be malformed or intentional; suggestion is NOT applied","التفاف"
"1","repeated-word","REEL","بكرة بكرة","h7710:t1","Immediate repetition may be malformed or intentional; suggestion is NOT applied","بكرة"
"1","repeated-word","BIND","ربط ربط","h7716:t1","Immediate repetition may be malformed or intentional; suggestion is NOT applied","ربط"
"1","repeated-word","URGENT","عاجل عاجل","h7720:t2","Immediate repetition may be malformed or intentional; suggestion is NOT applied","عاجل"
"1","repeated-word","AQUA","أكوا أكوا","h7743:t0","Immediate repetition may be malformed or intentional; suggestion is NOT applied","أكوا"
"1","repeated-word","CHEN","شين شين","h7744:t2","Immediate repetition may be malformed or intentional; suggestion is NOT applied","شين"
"1","consolidated-duplicate","PHYSICALLY","جسدياً","h7763:t2 h7763:t1","Consolidated; original display and reference retained in action log",""
"1","repeated-word","DEPT","قسم قسم","h7842:t0","Immediate repetition may be malformed or intentional; suggestion is NOT applied","قسم"
"1","repeated-word","PUSHED","دفع دفع","h7887:t0","Immediate repetition may be malformed or intentional; suggestion is NOT applied","دفع"
"1","repeated-word","PROMINENT","بارز بارز","h7933:t3","Immediate repetition may be malformed or intentional; suggestion is NOT applied","بارز"
"1","consolidated-duplicate","BYE","وداعاً","h7945:t3 h7945:t2","Consolidated; original display and reference retained in action log",""
"1","consolidated-duplicate","BYE","وداعاً","h7945:t4 h7945:t2","Consolidated; original display and reference retained in action log",""
"1","repeated-word","STICKS","العصي العصي","h7969:t3","Immediate repetition may be malformed or intentional; suggestion is NOT applied","العصي"
"1","repeated-word","LUTHER","لوثر لوثر","h8031:t1","Immediate repetition may be malformed or intentional; suggestion is NOT applied","لوثر"
"1","consolidated-duplicate","OMAN","عُمان","h8061:t1 h8061:t0","Consolidated; original display and reference retained in action log",""
"1","repeated-word","PILLOW","وسادة وسادة","h8079:t2","Immediate repetition may be malformed or intentional; suggestion is NOT applied","وسادة"
"1","repeated-word","JENNY","جيني جيني","h8185:t2","Immediate repetition may be malformed or intentional; suggestion is NOT applied","جيني"
"1","repeated-word","COATING","طلاء طلاء","h8201:t0","Immediate repetition may be malformed or intentional; suggestion is NOT applied","طلاء"
"1","repeated-word","COATED","المغلفة المغلفة","h8221:t0","Immediate repetition may be malformed or intentional; suggestion is NOT applied","المغلفة"
"1","repeated-word","ADAPTOR","محول محول","h8267:t0","Immediate repetition may be malformed or intentional; suggestion is NOT applied","محول"
"1","repeated-word","UNLOCK","فتح فتح","h8269:t0","Immediate repetition may be malformed or intentional; suggestion is NOT applied","فتح"
"1","repeated-word","DUBAI","دبي دبي","h8345:t1","Immediate repetition may be malformed or intentional; suggestion is NOT applied","دبي"
"1","repeated-word","LEON","ليون ليون","h8363:t1","Immediate repetition may be malformed or intentional; suggestion is NOT applied","ليون"
"1","repeated-word","MOLD","العفن العفن","h8365:t3","Immediate repetition may be malformed or intentional; suggestion is NOT applied","العفن"
"1","repeated-word","DAME","سيدة سيدة","h8366:t0","Immediate repetition may be malformed or intentional; suggestion is NOT applied","سيدة"
"1","repeated-word","REID","ريد ريد","h8476:t1","Immediate repetition may be malformed or intentional; suggestion is NOT applied","ريد"
"1","repeated-word","HYDRAULIC","الهيدروليكية الهيدروليكية","h8477:t2","Immediate repetition may be malformed or intentional; suggestion is NOT applied","الهيدروليكية"
"1","repeated-word","BELLE","بيل بيل","h8484:t1","Immediate repetition may be malformed or intentional; suggestion is NOT applied","بيل"
"1","repeated-word","INTIMATE","حميم حميم","h8554:t3","Immediate repetition may be malformed or intentional; suggestion is NOT applied","حميم"
"1","repeated-word","NEEDLE","إبرة إبرة","h8589:t2","Immediate repetition may be malformed or intentional; suggestion is NOT applied","إبرة"
"1","possibly-malformed","BLACKS","السود”","h8649:t1","Missing Arabic letters or suspicious editorial/punctuation residue",""
"1","consolidated-duplicate","SURVIVOR","ناجٍ","h8684:t4 h8684:t0","Consolidated; original display and reference retained in action log",""
"1","consolidated-duplicate","LATELY","مؤخراً","h8732:t1 h8732:t0","Consolidated; original display and reference retained in action log",""
"1","possibly-malformed","ITALIA","إيطاليا”","h8800:t0","Missing Arabic letters or suspicious editorial/punctuation residue",""
"1","repeated-word","LOCKING","قفل قفل","h8853:t0","Immediate repetition may be malformed or intentional; suggestion is NOT applied","قفل"
"1","consolidated-duplicate","CLOSES","يُغلق","h8964:t1 h8964:t0","Consolidated; original display and reference retained in action log",""
"1","consolidated-duplicate","CURSOR","المؤشر:","h9211:t2 h9211:t1","Consolidated; original display and reference retained in action log",""
"1","repeated-word","CLEANUP","تنظيف تنظيف","h9228:t2","Immediate repetition may be malformed or intentional; suggestion is NOT applied","تنظيف"
"1","repeated-word","POISON","السم السم","h9295:t3","Immediate repetition may be malformed or intentional; suggestion is NOT applied","السم"
"1","possible-dialect","HECK","هيك","h10560:t0","Dialect-like token in an unverified sense; may be a name or transliteration",""
