id,class,proofPriority,propagationSurvival,partialDepthFraction,smallPropagatedSlots,score
91376b1a948f47c9,C,0,0.7541380702462657,0,0,7.541380702462657
687de7c97c7a27bb,C,0,0.741839566538919,0,0,7.41839566538919
1e73c52a678cc5b1,C,0,0.7437749667110519,0,0,7.437749667110519
e3aa200e97d208d0,C,0,0.7225173987876974,0,0,7.225173987876974
69183b8e25221458,C,0,0.7343148510839468,0,0,7.343148510839468
50f707e94b85694a,C,0,0.7367404998983946,0,0,7.367404998983947
0cc20ba3901779e9,C,0,0.7440779706964435,0,0,7.4407797069644355
1075aa633a662e2c,C,0,0.6510158374660054,0,0,6.510158374660055
c044a3d1275fcf5c,C,0,0.6291619691845171,0,0,6.29161969184517
57ea59ddeb441f1b,C,0,0.712472487160675,0,0,7.12472487160675
fe96059930042218,C,0,0.7310583182336756,0,0,7.310583182336757
676d96779a0678aa,C,0,0.7078793923584471,0,0,7.078793923584471
9acf8ead57fb88fe,C,0,0.7324716955394899,0.018518518518518517,0,9.17656880724675
7b4ed013869645c3,C,0,0.7264442583886134,0,0,7.264442583886134
f5100296ba2ddb15,C,0,0.7573322233606558,0,0,7.573322233606557
88a13c7a3ed010a9,C,0,0.7658704188481675,0,0,7.658704188481675
59ef29c5abf08dcb,C,0,0.7513283740701382,0.016666666666666666,0,9.179950407368048
d2deed35dd4501ba,C,0,0.7475006577216522,0.12903225806451613,0,20.378232383668134
f96193b7a8563703,C,0,0.7510465994097866,0,0,7.510465994097865
186b334404f5957b,C,0,0.7326984588543182,0,0,7.326984588543182
d8357666ee37a873,C,0,0.7212220017011625,0,0,7.212220017011624
1bf5c07dc7604b75,C,0,0.5802020839911588,0,0,5.802020839911588
6924730c2e07dcc4,C,0,0.7503977724741447,0,0,7.503977724741447
67d8acb187418fe4,C,0,0.7275375753161624,0,0,7.275375753161624
a9526f9040125c74,C,0,0.7167296663190824,0,0,7.167296663190824
7faf248beb96fe28,C,0,0.7013585079438176,0,0,7.013585079438176
ca379f7676f316a5,C,0,0.6413451433718661,0,0,6.413451433718661
271feeede7954349,C,0,0.7429138321995464,0.08064516129032258,0,15.493654451027723
cc4a64de98cd924e,C,0,0.7415099355353226,0,0,7.4150993553532265
23c42657e095726e,C,0,0.6564556066501592,0,0,6.564556066501592
6577ca8c718e4efb,C,0,0.7620005748778385,0,0,7.620005748778384
ebf5b225a4812ce5,C,0,0.7096933033202026,0.13333333333333333,0,20.43026636653536
925f94dc3af43673,C,0,0.7595537317260836,0,0,7.5955373172608365
4d5dbb4ee17c6545,C,0,0.768290463479738,0,0,7.68290463479738
4249f457e998afae,C,0,0.7091361766616151,0,0,7.091361766616151
0423e0d113a543c0,C,0,0.7265987667151667,0,0,7.265987667151666
399fa666dad3f394,C,0,0.6912952032023882,0,0,6.912952032023883
6ab9a5c41fe1927d,C,0,0.6952261676734934,0,0,6.952261676734935
a5248b64e82aa221,C,0,0.7306111626673737,0,0,7.3061116266737365
46ff146d22c04c5c,C,0,0.7353177795655672,0,0,7.353177795655672
daf638ec3334d170,C,0,0.7176721078779276,0,0,7.176721078779275
0b50c868f1d67833,C,0,0.6991136919315404,0.034482758620689655,0,10.43941278138437
b47d1185e0e2842f,C,0,0.7315688639750231,0,0,7.315688639750231
05609f34294bfa96,C,0,0.7571286354262959,0,0,7.571286354262959
603a315c719705df,C,0,0.7138348237769595,0,0,7.138348237769595
70ef360b6946e263,C,0,0.7425836030204962,0.017857142857142856,0,9.211550315919247
dfb5c3c0d65c69b2,C,0,0.7595003084515731,0,0,7.5950030845157315
779717dfa899237d,C,0,0.764026617954071,0,0,7.64026617954071
0e4910f0c76e4caa,C,0,0.7398461746053164,0,0,7.398461746053164
73e8eef00e36856a,C,0,0.75818623688923,0,0,7.581862368892301
a915e3e78d9fe4ec,C,0,0.7022093106663797,0,0,7.022093106663797
0b390398785d7711,C,0,0.7815742849911415,0,0,7.815742849911414
78675ef5a1e6ae0c,C,0,0.7298778795448237,0,0,7.2987787954482375
b7fcce615fa1b7ca,C,0,0.7305102115511309,0,0,7.30510211551131
df4a8684240fcb2e,C,0,0.7218191146291411,0,0,7.21819114629141
a4162a407df8e4cb,C,0,0.7274125874125874,0,0,7.274125874125874
e541243e8b60b206,C,0,0.7273063723840926,0,0,7.2730637238409255
a9dc99563ca698cd,C,0,0.7085345635406906,0,0,7.085345635406906
959f6b8d9b9bfd74,C,0,0.751619170984456,0,0,7.516191709844559
0fd169f42abc0348,C,0,0.7321355932203389,0,0,7.32135593220339
ef3074c1d5b8df52,C,0,0.7285714285714285,0.017241379310344827,0,9.009852216748769
4caf18b11af65960,C,0,0.730024466969591,0,0,7.3002446696959105
ba1f98411d557540,C,0,0.7492258022006985,0,0,7.492258022006984
2b66691895cf5fdd,C,0,0.6576709663471932,0,0,6.576709663471933
96e077fa31c1bf50,C,0,0.7221801665404997,0.1896551724137931,0,26.187318906784306
b2b1f4a012947db1,C,0,0.7288942581011939,0.017241379310344827,0,9.013080512046422
51ae6a3cc76bf915,C,0,0.7394423389279914,0.21212121212121213,0,28.606544601401126
cc71269c826a0be9,C,0,0.7253451022033448,0,0,7.253451022033448
6b33d73707cfdabf,C,0,0.4993522822525337,0,0,4.993522822525337
624f826ee748b9f7,C,0,0.7220998252677961,0,0,7.220998252677962
14441ed92b0ed861,C,0,0.7292051073879992,0.0967741935483871,0,16.9694704287187
11862d18b598e6db,C,0,0.717708640519021,0,0,7.1770864051902095
20c0deeea174fb24,C,0,0.7319926123537862,0,0,7.319926123537862
4c63cfbe2119eba5,C,0,0.7378296146044625,0.016666666666666666,0,9.044962812711292
decb2184313c41e3,C,0,0.7013585079438176,0,0,7.013585079438176
ac0021ff9b5b5d3c,C,0,0.7495848325491281,0,0,7.495848325491281
7223428df8d3c8f5,C,0,0.7493640380238319,0,0,7.493640380238319
a480eac077208bab,C,0,0.7188454489920586,0,0,7.188454489920586
8554b5bac9e96b94,C,0,0.6538548241659152,0,0,6.538548241659152
e62ac2ed1c56b405,C,0,0.7171160434976911,0,0,7.171160434976911
908a3529e183e691,C,0,0.7860394537177542,0,0,7.860394537177542
f34237a2ee5bf324,C,0,0.738051274767417,0,0,7.380512747674171
0ab9dae6ce7aa560,C,0,0.7348905931189755,0,0,7.348905931189755
3c705992d4f68874,C,0,0.7524009603841537,0,0,7.524009603841537
0f46058afaa5e423,C,0,0.7703298086606244,0,0,7.703298086606244
d5de12aea12d4cfc,C,0,0.759133611691023,0,0,7.59133611691023
439f6a1b3a50d080,C,0,0.49902912621359224,0,0,4.990291262135923
3354c0ee6b2ac0cb,C,0,0.7177355216542549,0,0,7.17735521654255
2bed4df001291d53,C,0,0.7640687172361523,0,0,7.640687172361523
eda813357aa9ff08,C,0,0.7821419707123356,0,0,7.821419707123356
8a1cb2ac455c5841,C,0,0.7334499372978681,0,0,7.334499372978681
38867be9d37ce905,C,0,0.7345018949648078,0,0,7.345018949648078
402c7b80bc77077f,C,0,0.7345255378117989,0,0,7.345255378117988
399845796b075053,C,0,0.7426721199727335,0,0,7.426721199727336
afc4bd63ba2d44fe,C,0,0.7425709955854253,0,0,7.425709955854253
7ef2d81f926a0678,C,0,0.7358471423740277,0,0,7.358471423740277
0c6e0e5440d1a453,C,0,0.743526846552194,0,0,7.43526846552194
33536337379849fe,C,0,0.7179368948027139,0,0,7.17936894802714
6231afd06f753834,C,0,0.7185953820780648,0,0,7.185953820780648
25148e742d276197,C,0,0.7537537537537538,0,0,7.5375375375375375
afb07f018af4cfc0,C,0,0.7660493827160494,0.01694915254237288,0,9.35540908139778
d971882a999384dd,C,0,0.6655184292111609,0,0,6.655184292111609
740c10c348df365b,C,0,0.7359173819742489,0.017241379310344827,0,9.083311750776971
a16b826004f60c0c,C,0,0.752592967366557,0,0,7.52592967366557
d30462661d029a41,C,0,0.764367816091954,0,0,7.64367816091954
e1270c8292c53f62,C,0,0.7477724032586558,0.017241379310344827,0,9.20186196362104
3152c68569038226,C,0,0.6468642011616793,0,0,6.468642011616793
c2f78709e21eaf77,C,0,0.6802788143349996,0,0,6.802788143349996
2313a4035a767e65,C,0,0.7449801987077052,0,0,7.449801987077052
09b1d28b413faf86,C,0,0.6978717070992707,0,0,6.978717070992707
192edda9e807900c,C,0,0.7074962731596507,0,0,7.074962731596507
44e6fd9905337eb3,C,0,0.6636702849389416,0.017241379310344827,0,8.3608407804239
16257f7ef14c3ad4,C,0,0.6146781599935551,0,0,6.146781599935551
83a8a44d9dffb9d3,C,0,0.7273208612777974,0,0,7.273208612777974
0c7b8d84db18a7bd,C,0,0.7050247331424109,0.05,0,12.050247331424108
e6ef3de28759683b,C,0,0.7223490794919366,0,0,7.223490794919366
aebc5f7b5ce6ac34,C,0,0.7461082793773247,0,0,7.461082793773247
7b9b6ae808a9d110,C,0,0.736818720379147,0,0,7.36818720379147
8d524fd011ad34a1,C,0,0.6554508748317631,0,0,6.554508748317631
6a7cbdf02970438c,C,0,0.743625347134562,0,0,7.436253471345619
4e75759dc93f6100,C,0,0.7022645578720345,0,0,7.022645578720344
8b3aab37ac2b492b,C,0,0.7248210972700768,0.16071428571428573,0,23.31963954412934
00561e8ee773001f,C,0,0.743034663178548,0.017857142857142856,0,9.216060917499767
c35a0bb6a50e1231,C,0,0.7320503848845347,0.01694915254237288,0,9.015419103082635
bf434ee23b04e5ba,C,0,0.7280021576427753,0,0,7.280021576427753
d59a2dfb6804ac71,C,0,0.7163828119432766,0,0,7.1638281194327655
1af5228f2d3846f9,C,0,0.6527014022546055,0,0,6.527014022546055
741ee89adf0d90fb,C,0,0.7617548818088387,0,0,7.617548818088387
9d66e33d91d2e17c,C,0,0.7495862068965518,0,0,7.4958620689655175
2a704504049f6f5d,C,0,0.7467745861733204,0,0,7.467745861733204
dedcfe8508cc3282,C,0,0.7161864887879648,0,0,7.161864887879648
4fa4a79eea8718ec,C,0,0.7396921773510308,0,0,7.396921773510307
9085c4d9b61e40a4,C,0,0.7057889418218565,0,0,7.057889418218565
4b9f4d089560e03b,C,0,0.5733941152092831,0,0,5.7339411520928305
819672e8a10e197a,C,0,0.689221472737493,0,0,6.89221472737493
1d9c4dcd48be18cb,C,0,0.6017299448867116,0,0,6.017299448867116
054f1a9b1b7e4ade,C,0,0.6730135235147682,0,0,6.7301352351476815
a4e8715c620fd3cb,C,0,0.7263752723311547,0,0,7.263752723311548
cddb3f121024b517,C,0,0.719248291571754,0.0967741935483871,0,16.86990227055625
3e29928fe5e553bd,C,0,0.7172697019046945,0,0,7.172697019046945
bd673793a8b9a365,C,0,0.6855092485992785,0,0,6.8550924859927855
bfb031b603aaef9b,C,0,0.7106824925816023,0,0,7.106824925816023
eaf8c6182a86af52,C,0,0.7387240958959772,0,0,7.387240958959772
e0888d7b3fdc3cac,C,0,0.7088128407026045,0.03225806451612903,0,10.313934858638948
dc352576a182b2c2,C,0,0.7466317365269461,0,0,7.466317365269461
0e3eacf69d1dc7d0,C,0,0.7308856926570779,0,0,7.30885692657078
4ec146f7da8150c7,C,0,0.7542142468733007,0.031746031746031744,0,10.716745643336182
9bba66d93d57a750,C,0,0.7382630668971938,0,0,7.382630668971938
c35e90bb4d875473,C,0,0.7234490010515248,0.017241379310344827,0,8.95862794154973
d69ea8ef025cf3f9,C,0,0.7398454595185996,0,0,7.398454595185996
4d6f52573b16f912,C,0,0.6972769819883704,0,0,6.972769819883704
b8418c4a44d5634b,C,0,0.7502189963709173,0,0,7.5021899637091725
05f5ca626c25eb82,C,0,0.7124931053502482,0.4838709677419355,0,55.51202782769603
4de93d324bf44f75,C,0,0.7656838987614432,0.06060606060606061,0,13.717445048220492
0bd20800563efe37,C,0,0.7450967038953964,0.06451612903225806,0,13.90257994217977
a2feeda38fb2bb13,C,0,0.741590524534687,0,0,7.41590524534687
abeccd26673d9f7d,C,0,0.775487256371814,0,0,7.75487256371814
c3e9c6238a7bbf5c,C,0,0.737997695557547,0,0,7.37997695557547
0af292389ce1b454,C,0,0.7521270756141073,0.015873015873015872,0,9.10857234344266
ad27157a030692d1,C,0,0.7318181818181818,0.017543859649122806,0,9.0725677830941
77c431998083ca74,C,0,0.7029305071484458,0,0,7.029305071484458
ae1addf39f70d15e,C,0,0.7064871126556618,0,0,7.064871126556618
2d520d39425241eb,C,0,0.7028695838389607,0,0,7.028695838389607
d8a9138e14f2876b,C,0,0.719248291571754,0.0967741935483871,0,16.86990227055625
a8a6c7ae422684bd,C,0,0.6022727272727273,0,0,6.022727272727273
9877582f60b29a90,C,0,0.760707756594411,0,0,7.6070775659441106
c8191126b59e6d6a,C,0,0.7248210972700768,0.16071428571428573,0,23.31963954412934
2fa725ef752c43b0,C,0,0.7426391139924365,0.21212121212121213,0,28.638512352045577
5bd6ff855f81b8c5,C,0,0.7117878726149249,0,0,7.117878726149249
ba4857de2857845c,C,0,0.7597636815920398,0.016666666666666666,0,9.264303482587064
1b97ad98ff2f12f3,C,0,0.7550147098154587,0,0,7.5501470981545875
6814fe27fde40f1d,C,0,0.7603445936779271,0,0,7.603445936779271
d82042f3cccc3593,C,0,0.7155160192798412,0,0,7.155160192798412
e1c962f9de795954,C,0,0.7413870967741936,0.017543859649122806,0,9.168256932654216
d4fba5fa67326ca1,C,0,0.7104273980231102,0,0,7.104273980231102
805ff30953b9e003,C,0,0.737040729136998,0,0,7.370407291369981
9eb4934edf9a22b7,C,0,0.754011877685115,0,0,7.54011877685115
525911cc9428a715,C,0,0.6626448857859418,0,0,6.626448857859418
38e8e3c57615e5fa,C,0,0.7210314802411253,0,0,7.210314802411252
454a24468986073e,C,0,0.7532831737346102,0,0,7.532831737346102
45c0a6bb184a33de,C,0,0.7363025098195859,0,0,7.363025098195859
47dd4990f54999fb,C,0,0.7398728051983963,0.25,0,32.398728051983966
86dd72b497df4d6d,C,0,0.720694259012016,0,0,7.2069425901201605
4790f2cf0560df8b,C,0,0.7245421245421245,0,0,7.245421245421245
8a6ad1124c316438,C,0,0.7436022027858763,0,0,7.436022027858763
b92646ecf1040a08,C,0,0.744894099848714,0.13333333333333333,0,20.782274331820474
9d77f0262f08d945,C,0,0.6966224768503098,0,0,6.966224768503098
462957d71c756721,C,0,0.7518944709514455,0,0,7.518944709514455
47fc5a5945c7dfea,C,0,0.7045899172310007,0,0,7.0458991723100075
d45bdd0fe54f455a,C,0,0.7262501741189581,0,0,7.262501741189581
35828633749444ce,C,0,0.6516776466983301,0,0,6.5167764669833
fcd68ace10db5e6f,C,0,0.7536016538536081,0,0,7.5360165385360816
a87495b6ca93dc20,C,0,0.7135123584300876,0,0,7.135123584300876
6ad89ab7d84aca40,C,0,0.7264276228419655,0,0,7.264276228419655
d3eb74dc097bca46,C,0,0.6758906110525035,0,0,6.758906110525035
8e19339684479d38,C,0,0.7283356258596974,0.017857142857142856,0,9.06907054431126
20fb63b70b99f2e7,C,0,0.7527148722023573,0,0,7.527148722023574
51eace3216bab32f,C,0,0.7518387181507749,0,0,7.518387181507748
95c16731c64cc911,C,0,0.7385481110964854,0,0,7.385481110964855
21843c773db16c88,C,0,0.7422107829856407,0.016666666666666666,0,9.088774496523074
c3a9b45d8b6adc32,C,0,0.6767173943962452,0,0,6.767173943962453
01986ffb1df70db1,C,0,0.763720097223999,0,0,7.63720097223999
9e9bafb94fb6735f,C,0,0.7403506476514458,0,0,7.403506476514457
d97a2f929bd2cf66,C,0,0.4939019592414824,0,0,4.939019592414824
1749f6a7ec067ab9,C,0,0.744390243902439,0,0,7.44390243902439
943190f6a324553f,C,0,0.7379514028728689,0.01694915254237288,0,9.074429282965976
344244ddf6d08fae,C,0,0.7290898575869298,0,0,7.2908985758692975
aeaffd0cac021a1f,C,0,0.7331045406546991,0,0,7.331045406546991
7e1ec7a674b7c6ea,C,0,0.6821037253469686,0,0,6.821037253469687
1063b284cd115f63,C,0,0.7296188091263216,0,0,7.296188091263216
e379f521a0627486,C,0,0.7586301536960234,0.017543859649122806,0,9.340687501872514
d285e3c04ebd8186,C,0,0.7563008130081301,0,0,7.563008130081301
85245d30d325d47a,C,0,0.7470444615780005,0,0,7.470444615780005
f6370d4022268f1b,C,0,0.6941410861865407,0.03571428571428571,0,10.512839433293978
1515cf7ac2b6ad20,C,0,0.7691805845511482,0,0,7.691805845511483
41f9582a0fa2c7d2,C,0,0.49594102827283754,0,0,4.959410282728375
941f33d576ba6623,C,0,0.6456573532596924,0,0,6.4565735325969245
4e6cf99e3a376609,C,0,0.7463528945805004,0,0,7.463528945805003
30d9a29ea0b6e315,C,0,0.7430795847750865,0,0,7.430795847750865
66c00643f47b1340,C,0,0.7204559715540682,0,0,7.2045597155406815
55bc49701380b691,C,0,0.7414788732394366,0.016666666666666666,0,9.081455399061033
a51742286a555685,C,0,0.7373273412200119,0,0,7.373273412200119
4206bd67e356ae25,C,0,0.7088128407026045,0.03225806451612903,0,10.313934858638948
1eb8b62f7bb5afa5,C,0,0.7690140845070422,0,0,7.690140845070422
348d304f06e08f93,C,0,0.7387033398821218,0,0,7.387033398821218
ac5a1311b2fc022d,C,0,0.7459205776173286,0,0,7.4592057761732855
ce8ef63a688da236,C,0,0.7249814176633557,0,0,7.249814176633556
f6a06cc4db7bacbe,C,0,0.7621167161226509,0.03125,0,10.74616716122651
5f6861966f63c675,C,0,0.7431088285008451,0,0,7.431088285008451
e8dba16566808c68,C,0,0.692845976326956,0,0,6.92845976326956
70620ee6b83ba07e,C,0,0.6958978328173374,0.06666666666666667,0,13.62564499484004
84fc0cfde7010981,C,0,0.7322487200215575,0,0,7.3224872002155745
da28a894ea5c8a50,C,0,0.7429553264604811,0.3125,0,38.67955326460481
96ba8e553086f281,C,0,0.7644764674775251,0,0,7.644764674775251
48276273ec320118,C,0,0.7636082872217218,0,0,7.636082872217218
6823165353b69fd0,C,0,0.7659385485887229,0,0,7.6593854858872294
cbb42c694885c48b,C,0,0.7099109131403119,0.017857142857142856,0,8.884823417117403
146e6c12d22ee41c,C,0,0.734142629867884,0,0,7.34142629867884
9a54478e8f712243,C,0,0.6585210687822768,0,0,6.585210687822768
aa3910b586a3c250,C,0,0.7266413689410753,0,0,7.266413689410753
7c356b6395659926,C,0,0.7235869713972902,0,0,7.235869713972902
22f79425bf2b34b0,C,0,0.6726180681257199,0,0,6.726180681257199
87e17d1c44bd3a01,C,0,0.7514359563469271,0,0,7.51435956346927
7ada6bdff8f05bb7,C,0,0.7424065018251945,0,0,7.424065018251945
4a80c04403bf6415,C,0,0.731974921630094,0,0,7.3197492163009406
0a847bab4d71d939,C,0,0.7145185185185186,0,0,7.145185185185186
44cdafaf5a7b1f9e,C,0,0.7533303301370745,0,0,7.533303301370745
c77275b394c22485,C,0,0.6631555522587345,0,0,6.631555522587345
a8af801e7cb951b4,C,0,0.6951271945539234,0,0,6.951271945539234
98989405eaeadec4,C,0,0.7575526783447576,0,0,7.575526783447576
9ee2d8013561ca79,C,0,0.7099217814107533,0,0,7.099217814107534
118f4c56fa56c3c1,C,0,0.6649911874143221,0,0,6.64991187414322
0e184dfcb9910221,C,0,0.7449250364866657,0,0,7.449250364866657
bb0960d23c225ad9,C,0,0.7429138321995464,0.12903225806451613,0,20.332364128447075
c0b5ad768db21dd3,C,0,0.7267378215654078,0,0,7.267378215654078
24588c7307053962,C,0,0.6779045643153527,0,0,6.779045643153527
cd759d15c2879efb,C,0,0.7240161798985328,0,0,7.240161798985328
2e165a1ec6e81746,C,0,0.6688065363291509,0,0,6.688065363291509
6436c67bea92f777,C,0,0.7283991962491627,0.1,0,17.283991962491626
972bd5129b3ee8c4,C,0,0.7474740760436054,0,0,7.474740760436054
10a4a00146d3de3f,C,0,0.7074535472972973,0,0,7.074535472972973
829dc78f26c9d30a,C,0,0.7382005899705014,0,0,7.382005899705014
dad5e4e504b3e80c,C,0,0.7236315086782377,0,0,7.236315086782376
70e6aa63db3a61a3,C,0,0.5287160856458221,0,0,5.287160856458221
f87c8e70ddb43884,C,0,0.7057728119180633,0,0,7.0577281191806325
a7f85571941fbcbe,C,0,0.692845976326956,0,0,6.92845976326956
2c17552f4405cf7d,C,0,0.5466836926312627,0,0,5.466836926312627
a5d87dc0419bce7d,C,0,0.7421594684385382,0.08196721311475409,0,15.61831599586079
dfb4ca9aeabb0af4,C,0,0.6984407276604251,0,0,6.984407276604251
cae6e9c888fe975b,C,0,0.7162975116215478,0,0,7.1629751162154776
dba31df00994287a,C,0,0.7259727760208993,0,0,7.2597277602089925
a0f4c050a6f09c26,C,0,0.6172148939722825,0,0,6.172148939722825
3bd7e8e6a8791ae6,C,0,0.6774313013850826,0,0,6.774313013850826
c05d15ae72e43807,C,0,0.7300761421319797,0,0,7.300761421319796
66e36fbaea430d3e,C,0,0.7600951646090535,0.09259259259259259,0,16.860210905349795
69a5ca9337910f60,C,0,0.7376666666666667,0.08333333333333333,0,15.709999999999999
fd0904ee71d7d8d7,C,0,0.7402549231184246,0.016666666666666666,0,9.069215897850912
3898a4ea46478f97,C,0,0.6765812451196138,0,0,6.765812451196139
3f45f11ccd545926,C,0,0.7229460249933528,0.017857142857142856,0,9.015174535647812
f70b2e1603240d0a,C,0,0.7105091620192656,0,0,7.105091620192656
586003394be04206,C,0,0.770016051364366,0,0,7.70016051364366
092515ef137c5227,C,0,0.7387620781403165,0.016666666666666666,0,9.05428744806983
53eaefdf2f059147,C,0,0.7327741935483871,0.017857142857142856,0,9.113456221198156
7916dfabd49bd97a,C,0,0.7382419938362589,0.16666666666666666,0,24.049086605029252
6838574b6224683e,C,0,0.7118484895914854,0,0,7.118484895914854
c57962433fdf5884,C,0,0.7562657925288534,0,0,7.5626579252885335
3c7068ecab7b1a98,C,0,0.7282237111992342,0,0,7.282237111992343
3213b6b1fb0e6652,C,0,0.7274368231046932,0,0,7.274368231046932
7d6a11cb1ad87721,C,0,0.7318408335850196,0,0,7.318408335850196
98fa69a5c2138776,C,0,0.7126123672023972,0.017857142857142856,0,8.911837957738257
22caae93e1501f41,C,0,0.7363353157745681,0,0,7.363353157745681
993eba9942c22a5e,C,0,0.733274647887324,0,0,7.33274647887324
a5d7d3d6a2d1dcd9,C,0,0.746755994358251,0,0,7.46755994358251
8f3eea40dfe8e4c3,C,0,0.730394754272089,0,0,7.3039475427208895
17c23da6f03b3158,C,0,0.7488452655889145,0,0,7.488452655889145
767f60b4e5ab0d63,C,0,0.687141130250831,0.03571428571428571,0,10.442839873936881
d52bcf17c3eee375,C,0,0.6017299448867116,0,0,6.017299448867116
d5af9dcc131e9347,C,0,0.7390545454545454,0,0,7.390545454545454
ff6fc79b189e6560,C,0,0.7397840645073117,0,0,7.397840645073117
4676bf08419f9970,C,0,0.6930602262305106,0.016666666666666666,0,8.597268928971772
2713cda6ec819a1b,C,0,0.7348547983845118,0,0,7.348547983845118
43f8107fa957b7d6,C,0,0.711864406779661,0,0,7.11864406779661
2ecaeed009b9f043,C,0,0.7279122115925718,0.034482758620689655,0,10.727397977994684
9c899b293996a18b,C,0,0.7191849909219286,0,0,7.191849909219286
05d34e1c98efa340,C,0,0.7238629240091942,0,0,7.238629240091941
5073221ecd2054ff,C,0,0.724824208940231,0,0,7.248242089402311
14501451e9cc0a13,C,0,0.7212896908658554,0.017543859649122806,0,8.967282873570834
b8b8735e88907174,C,0,0.7627027751709344,0,0,7.6270277517093445
74ec664329a274ff,C,0,0.7346326836581709,0,0,7.346326836581709
ec8feb49ac3b9716,C,0,0.5287160856458221,0,0,5.287160856458221
2f4c96740b76fbac,C,0,0.7615609044493071,0,0,7.6156090444930715
7c7428ba5af62972,C,0,0.7244374529785924,0,0,7.244374529785924
67729264f66102c9,C,0,0.7585120643431635,0,0,7.585120643431635
44f06fb6550609f2,C,0,0.7450620767494357,0,0,7.450620767494357
003d84002c16b0cf,C,0,0.728071389042612,0.017857142857142856,0,9.066428176140406
e735021c571ab78f,C,0,0.7343008460004127,0,0,7.3430084600041265
eecf5bd98d3e897a,C,0,0.709861302737637,0,0,7.09861302737637
f4031ad2c06dc206,C,0,0.6324154913812402,0,0,6.324154913812402
a5fe442b27146317,C,0,0.7217485549132948,0,0,7.217485549132948
dad14e10835b345f,C,0,0.7373984878185382,0,0,7.373984878185382
43989fbd47d93ea2,C,0,0.7085243553008596,0.07142857142857142,0,14.228100695865738
cd1f64f73c9e949a,C,0,0.74485639326153,0,0,7.4485639326153
746f7605cdffd31d,C,0,0.7430065181966322,0,0,7.430065181966322
852b7d333e8d5e7d,C,0,0.6809258614688479,0,0,6.8092586146884795
e3a4ed90cdfa3de6,C,0,0.6499893246032311,0,0,6.499893246032311
049c55f2f617771c,C,0,0.7405226103438939,0.12903225806451613,0,20.30845190989055
fc6c01bf90279cac,C,0,0.731017490283176,0,0,7.3101749028317595
51fd0e0d350068ab,C,0,0.7316406507277876,0,0,7.316406507277876
f2b7db0a63f26bcb,C,0,0.6632292492968919,0,0,6.632292492968919
ada9658ede8a7fdd,C,0,0.7340551181102363,0,0,7.340551181102363
368fb7c14cc118ed,C,0,0.6114027952377431,0,0,6.114027952377431
56dc8f2ffd76f026,C,0,0.7401069518716578,0,0,7.401069518716578
8d8f84757391f335,C,0,0.7606764492992037,0,0,7.6067644929920375
be2962585df81c12,C,0,0.7259874964478545,0,0,7.259874964478545
708febd62f8ac390,C,0,0.758788676761027,0.1774193548387097,0,25.32982225148124
b979fbde6b3a8b80,C,0,0.7129952111449717,0,0,7.129952111449716
876edf0a219a214a,C,0,0.6445424630679829,0,0,6.445424630679829
143cd253eabc1429,C,0,0.7389770723104057,0,0,7.389770723104057
e9cd469cfec0d214,C,0,0.725191924936025,0,0,7.251919249360251
826d306035f8faa0,C,0,0.7300600928708003,0,0,7.300600928708003
4c856ce4a0802007,C,0,0.7499333333333333,0,0,7.499333333333333
67cfbf8777d16962,C,0,0.7485384187082406,0.017241379310344827,0,9.209522118116888
891e0af8dd3d14d7,C,0,0.588276725622163,0,0,5.88276725622163
933038221c213e13,C,0,0.733407352578337,0,0,7.33407352578337
51c9934a00da37b2,C,0,0.723196951175667,0,0,7.231969511756669
51e9608d339a8914,C,0,0.7650606402014712,0,0,7.650606402014713
17f1f6af83b62d2a,C,0,0.760652288269332,0.015625,0,9.16902288269332
e9815a0ba8e88100,C,0,0.7245421245421245,0,0,7.245421245421245
4af5d2797a9083c8,C,0,0.750193199381762,0.017241379310344827,0,9.226069924852103
ca6dcb983f44324b,C,0,0.747093023255814,0,0,7.470930232558139
615fc1817c64e430,C,0,0.7495577457669952,0,0,7.495577457669952
787139f570efed42,C,0,0.7577631402070171,0,0,7.577631402070171
938707ba0c54bf06,C,0,0.751952035694367,0,0,7.519520356943669
bea72ba0dd6dbdb6,C,0,0.7279618945391118,0,0,7.2796189453911175
a27eb722c82f6214,C,0,0.6304820714335836,0,0,6.304820714335836
5ea89c7d120871fc,C,0,0.7050247331424109,0.05,0,12.050247331424108
377916be2f484e68,C,0,0.668356676595475,0,0,6.68356676595475
824f0ba4023230ca,C,0,0.7227334235453315,0.017857142857142856,0,9.013048521167601
c1b705b48304bd76,C,0,0.7403506476514458,0,0,7.403506476514457
fd965d7834673b84,C,0,0.7541501976284585,0.06451612903225806,0,13.99311487951039
4983eaaf725b07d7,C,0,0.6573688876764646,0,0,6.573688876764646
02c6eb9d74abc1d1,C,0,0.7170674140728721,0,0,7.170674140728721
8e81436a447f0b26,C,0,0.7173464119772844,0,0,7.173464119772844
4b410395c8907f36,C,0,0.7253405994550409,0,0,7.253405994550409
efdbf98d157d8f4d,C,0,0.7154826445117228,0,0,7.154826445117228
4f1c03b060c8006c,C,0,0.7156612444379604,0,0,7.156612444379604
494bbd124d7f6401,C,0,0.7238396624472574,0,0,7.238396624472574
f76f0b52eb75c28f,C,0,0.7257653061224489,0.016129032258064516,0,8.870556287030942
d8e59a24ded5f14b,C,0,0.7375416435313714,0,0,7.375416435313714
a4ac4916e1a06cc3,C,0,0.707771164021164,0,0,7.07771164021164
b4ac05c3b39ff424,C,0,0.7421799972561394,0.11290322580645161,0,18.712122553206555
5335316840f9d7a0,C,0,0.7139337068790927,0,0,7.139337068790928
8f9e48ae36ae3f03,C,0,0.7287993000403823,0.03571428571428571,0,10.859421571832394
2aebb0c4b650533b,C,0,0.7542976094547408,0,0,7.542976094547408
437d5342bb822b5c,C,0,0.7164759725400458,0,0,7.164759725400458
b45d95e71af0f9ae,C,0,0.7319858156028369,0,0,7.319858156028369
fd926986269d9335,C,0,0.7309637822890672,0,0,7.309637822890672
181eeac599683a24,C,0,0.5516269145774594,0,0,5.516269145774594
b19668820c54782f,C,0,0.7058430469968074,0,0,7.058430469968075
75c2da434749b10f,C,0,0.6449446230796713,0,0,6.449446230796712
82e12011dd3a8f03,C,0,0.7405979437229437,0.31666666666666665,0,39.072646103896105
0d28dc8748db8fb9,C,0,0.6922828021355768,0,0,6.922828021355768
4fea9a0a6970a27b,C,0,0.7347435808224897,0,0,7.347435808224897
ffbcbda3388b52f1,C,0,0.6718210478907071,0,0,6.7182104789070705
ec148fb41fc0fed1,C,0,0.7496429035190235,0,0,7.496429035190236
64300cb9c6cf7c41,C,0,0.7593935790725327,0.24193548387096775,0,31.7874841778221
f5e903a7d8639db3,C,0,0.7666242038216561,0.15,0,22.66624203821656
0eb21402de79fbc3,C,0,0.6635867282654347,0,0,6.635867282654347
1cde80c399c90524,C,0,0.7100634076498261,0,0,7.100634076498261
49c8715f2983c255,C,0,0.7461578367161663,0.016666666666666666,0,9.12824503382833
0e9241010430a9ae,C,0,0.7575107296137339,0.016129032258064516,0,9.18801052194379
5a2077a37bba5256,C,0,0.7318906605922552,0,0,7.318906605922551
8f09ce2b11480f3d,C,0,0.7495848325491281,0,0,7.495848325491281
5d961379d591c47e,C,0,0.7260893395450808,0,0,7.260893395450808
ce18379c631607dc,C,0,0.7162182086251382,0,0,7.162182086251382
cae41774d1e2c2aa,C,0,0.7302420530766988,0.016129032258064516,0,8.91532375657344
0f2cd106f0b93bad,C,0,0.76761703187251,0.1875,0,26.4261703187251
b613fc12cacc443d,C,0,0.7024872448979592,0,0,7.024872448979592
b35a54d2b08b298f,C,0,0.7605823499230374,0,0,7.605823499230374
7413f66067540cf2,C,0,0.7188402657423455,0.21875,0,29.063402657423456
dd2c9d1c8f59a878,C,0,0.7391364517021866,0.016666666666666666,0,9.058031183688533
a1330544e2e5c42f,C,0,0.7442055291817928,0,0,7.442055291817928
79fd33c95a0d0bbc,C,0,0.7230010952902519,0,0,7.23001095290252
1eab2c6e5241aed0,C,0,0.7621587301587301,0,0,7.621587301587302
92f7838529a3ff07,C,0,0.6777866880513231,0,0,6.777866880513232
8a69056c62ab2888,C,0,0.7445878977569118,0.017241379310344827,0,9.1700169086036
dfcc7894a69fb864,C,0,0.7396921773510308,0,0,7.396921773510307
723911dd5cacb0ab,C,0,0.7396134940408053,0,0,7.396134940408054
38e05bf9671713a8,C,0,0.7100456621004566,0,0,7.100456621004566
f5be12c4adf6e2df,C,0,0.7404102564102564,0,0,7.404102564102564
c3b0b157325b0a28,C,0,0.6709633649932157,0.017241379310344827,0,8.43377158096664
15f76dd1586132c3,C,0,0.7132292522596549,0.08620689655172414,0,15.752982177768963
612cb26ecb7f0e50,C,0,0.7619975639464068,0.3225806451612903,0,39.8780401555931
b876adcfc7909a0a,C,0,0.726391683433937,0.01694915254237288,0,8.958832088576658
cdf03bea74eb5a5f,C,0,0.7356536284096757,0,0,7.356536284096757
58de1d00d2a89d54,C,0,0.6561338289962825,0,0,6.5613382899628245
f8f7e07541db7d18,C,0,0.7266467675191642,0,0,7.266467675191643
f8f0238a437a360e,C,0,0.7282869893580501,0,0,7.282869893580502
f020f5a484685021,C,0,0.7161023054755044,0,0,7.161023054755043
87d7b08008d0fb8f,C,0,0.7709093195824425,0,0,7.709093195824424
11f96458e6b1d40d,C,0,0.7438113031293788,0,0,7.438113031293788
00af5029f7bdbac6,C,0,0.7218345299604106,0,0,7.218345299604106
01504fbdfc4594d2,C,0,0.7746324477688935,0,0,7.746324477688935
07d49dd19549abcc,C,0,0.7209621496677261,0,0,7.209621496677261
77d304f5a905a9b5,C,0,0.7274687065368567,0,0,7.274687065368567
709862ca631ad07e,C,0,0.6643070860395534,0,0,6.643070860395533
4613df04b27dae9a,C,0,0.6920102032419979,0,0,6.92010203241998
51c385e48f365914,C,0,0.7117091325508159,0.017857142857142856,0,8.902805611222444
dbe6649b4aa3d067,C,0,0.6921534936998854,0.017857142857142856,0,8.707249222713141
88e9e47a12d10890,C,0,0.7150500034967481,0,0,7.1505000349674805
cf49aaead8e36f7b,C,0,0.7485345838218054,0,0,7.485345838218054
cdb976315b4070fe,C,0,0.7552775605942142,0,0,7.552775605942142
8dc34c49b0e90074,C,0,0.7467695977735074,0,0,7.467695977735074
7940abd1213d038d,C,0,0.6106758080313418,0,0,6.106758080313418
a5f52a94d88fb494,C,0,0.7606175173282924,0,0,7.606175173282924
a0a8f5172de89a07,C,0,0.7460159362549801,0.109375,0,18.397659362549803
467d245efabfc611,C,0,0.7526356389817433,0,0,7.526356389817433
7f35d1e898791c2e,C,0,0.6690719439879974,0,0,6.690719439879974
174cb69c0b291e9d,C,0,0.72647660444899,0,0,7.2647660444899
bfb747aaac8485d4,C,0,0.6107442010309279,0,0,6.107442010309279
4613d19df91e655c,C,0,0.7381560005234917,0,0,7.381560005234917
05847fbcd1656ec0,C,0,0.6200030227461649,0,0,6.2000302274616494
9350813a5e9f0d72,C,0,0.7014861995753715,0,0,7.014861995753715
7573627ce878a5a9,C,0,0.72117202268431,0.017241379310344827,0,8.935858157877583
908326ea860a5b7a,C,0,0.7283356258596974,0.017857142857142856,0,9.06907054431126
3fdf44a9591cd12b,C,0,0.7517601043024772,0,0,7.517601043024772
68e6915e1ff164af,C,0,0.7453019293410172,0,0,7.453019293410172
567bd6f6f43ea647,C,0,0.7241705471478463,0,0,7.241705471478463
aad8e490cca0fc6d,C,0,0.5948217317487267,0,0,5.948217317487266
4ef9af06349c2948,B,0,0,0,0,0
4c9df29d57f6b53f,C,0,0.7268207182715696,0,0,7.268207182715695
c436c0a0fd91d23c,C,0,0.7278352677947141,0,0,7.278352677947141
b52d98da4fdb74b1,C,0,0.742913552390354,0,0,7.42913552390354
a8aff7fbc7d13300,C,0,0.7480392156862745,0.15254237288135594,0,22.73462944499834
e87021f83d2a772c,C,0,0.7248948106591865,0,0,7.248948106591865
b82cfe000c48af35,C,0,0.7386757168582906,0,0,7.386757168582906
a45933a7e3b413a8,C,0,0.7221801665404997,0.1896551724137931,0,26.187318906784306
b9ea55a64f953048,C,0,0.6373673533083646,0,0,6.373673533083646
aa889d135621a9f7,C,0,0.721461038961039,0,0,7.21461038961039
3fb2907409ec7cfd,C,0,0.7478263649149726,0.017543859649122806,0,9.232649614062007
6a5cd972e4cf8e17,C,0,0.7245085190039319,0,0,7.245085190039319
0018909d9a1fbee6,C,0,0.7039365578338216,0,0,7.039365578338216
1e344f14b0f19231,C,0,0.7421424829753798,0,0,7.421424829753798
5a7f3a5dcd21f537,C,0,0.6308712121212121,0,0,6.308712121212121
1206cf2b79330ce1,C,0,0.7507765023632681,0,0,7.507765023632681
0561d19f1212bd89,C,0,0.7315490673154906,0,0,7.3154906731549065
49187edeb2467a67,C,0,0.733056805399325,0.03333333333333333,0,10.663901387326584
98eec2e6687f9d6f,C,0,0.7430348085875078,0,0,7.430348085875078
48f7a9d5b9e9c154,C,0,0.7058098320234243,0,0,7.058098320234243
1f0ae6241b9fceb1,C,0,0.7479214161190827,0.06557377049180328,0,14.036591210371155
c439b86506828041,C,0,0.7173090909090909,0.03333333333333333,0,10.506424242424243
f42cb6856a408620,C,0,0.7436032616336286,0.01639344262295082,0,9.075376878631367
dad79f469f94926c,C,0,0.7287067276290007,0,0,7.287067276290006
0df320f7e75866c3,C,0,0.7206513840258968,0,0,7.2065138402589675
b5903b1cd025fad4,C,0,0.7465070537167662,0.1,0,17.465070537167662
edecb72b99ef35f5,C,0,0.7056709833499359,0,0,7.05670983349936
f9a470c4e4c75eb9,C,0,0.7301173402868318,0,0,7.301173402868319
465e1dcfff59d136,C,0,0.731974921630094,0,0,7.3197492163009406
9a1700c400770fb4,C,0,0.6813991500490356,0,0,6.813991500490356
f864b06b2bd0f14f,C,0,0.7206830841395485,0.016666666666666666,0,8.873497508062151
40f7195358254dd8,C,0,0.6487847353676081,0,0,6.487847353676081
b0a54fc00016a1eb,C,0,0.7533472546370225,0,0,7.533472546370224
27a64d398eb60849,C,0,0.7314329099944782,0.03125,0,10.439329099944782
ca439c9f8fc09836,C,0,0.699791920786396,0,0,6.997919207863959
d08d0840b9174bc4,C,0,0.7588753477281759,0.017241379310344827,0,9.312891408316242
8874ba352547f6f7,C,0,0.7268645462023581,0.017241379310344827,0,8.992783393058064
d0e9a021f8fb36b3,C,0,0.7244252873563218,0,0,7.244252873563219
d155470fd9954e1f,C,0,0.7815742849911415,0,0,7.815742849911414
dc47ec533d01d895,C,0,0.7451673585884795,0,0,7.4516735858847944
1511205e2c1fe7ef,C,0,0.7634634387351779,0.03125,0,10.759634387351777
9182e72b40f5b102,C,0,0.7498627504803733,0,0,7.498627504803733
98fd16b3e39615cd,C,0,0.7285235368068166,0,0,7.285235368068166
0a2959fb680e9db0,C,0,0.7247616376892877,0,0,7.247616376892877
5e6ece6968cdd24b,C,0,0.7149795860903844,0,0,7.1497958609038434
37550465cdf5f34c,C,0,0.7310517038777908,0,0,7.310517038777908
4115534bfb47b32f,C,0,0.7578125,0.018518518518518517,0,9.429976851851851
ec4f9ba47a6eecfe,C,0,0.6405777374470659,0,0,6.405777374470659
607c2dca22e6496d,C,0,0.7599016393442622,0,0,7.599016393442622
f0c58c2a3b0c0131,C,0,0.7312720329024677,0,0,7.3127203290246765
5c26fcec4a838abb,C,0,0.7436327293829389,0,0,7.436327293829389
3baf9fc7167c8cf6,C,0,0.7605823499230374,0,0,7.605823499230374
20ac4ac6ee1be1d3,C,0,0.7331136738056013,0.03389830508474576,0,10.72096724653059
b7684a48b9fff88a,C,0,0.7059426907550791,0,0,7.059426907550791
ee4e9aac83091abe,C,0,0.7132558790593505,0.05172413793103448,0,12.304972583696953
0b89d1ba67afe5a0,C,0,0.7268592830390583,0.018518518518518517,0,9.120444682242434
233b09ccad08c855,C,0,0.7513897260732704,0,0,7.513897260732704
c4219a4792cf78ce,C,0,0.7373350361856109,0,0,7.373350361856109
51400ef4fa759c5f,C,0,0.5766325080409903,0,0,5.766325080409903
d797e167c3a0c3fe,C,0,0.7134350831565259,0,0,7.134350831565259
32efa2a07a9f09c4,C,0,0.7153540795349826,0,0,7.1535407953498265
842770c161748aad,C,0,0.7414229471316085,0.016666666666666666,0,9.080896137982752
660baa459076e622,C,0,0.7494601889338731,0,0,7.494601889338731
213e5b8d651c691a,C,0,0.7419281932067674,0,0,7.419281932067674
1af14f6d878e42ab,C,0,0.6030102731544159,0,0,6.030102731544159
2a5a2590e9182a2f,C,0,0.7644764674775251,0,0,7.644764674775251
3b079eb529065b9b,C,0,0.7115086631919989,0,0,7.115086631919989
0d58ff736afdbf26,C,0,0.7327741935483871,0.017857142857142856,0,9.113456221198156
a4c4d68b56b72b64,C,0,0.6951566951566952,0,0,6.951566951566952
ee2ceb28857cb068,C,0,0.7470255898969758,0,0,7.470255898969757
5df4af7ba115fc7a,C,0,0.7518066539405509,0,0,7.518066539405509
0d7905a910d00e5a,C,0,0.7180004171591462,0,0,7.180004171591462
85fb5c258fd38d3a,C,0,0.6997678018575851,0,0,6.997678018575852
a1e11afe8f19b9e4,C,0,0.7642433531018857,0,0,7.642433531018858
8ed5fdf6768f4699,C,0,0.7800499736980536,0,0,7.8004997369805364
fc54a420ccd8c400,C,0,0.7354845168179391,0.017857142857142856,0,9.140559453893676
4111a4879606b4ae,C,0,0.704449584977548,0,0,7.04449584977548
2827895035f3cba1,C,0,0.7268798911194284,0,0,7.268798911194284
ad69d6fc8424f732,C,0,0.7205725272377697,0,0,7.2057252723776966
833f40a4ab1c1b7b,C,0,0.7386669227814061,0,0,7.386669227814061
989e1009ca90e2a3,C,0,0.75,0,0,7.5
821735ef75b37256,C,0,0.7373967530618057,0,0,7.373967530618057
eda3573469b7b8d9,C,0,0.6909749343179721,0,0,6.909749343179721
da2c1e22e4011c4a,C,0,0.7402245706737121,0,0,7.402245706737121
90b10e0dd8128abc,C,0,0.7666710682688499,0,0,7.666710682688499
e0fc6ffb827f5515,C,0,0.7551802735184417,0,0,7.551802735184418
89980a68c19a46b6,C,0,0.45015048908954103,0,0,4.5015048908954105
23d50176bf5a5711,C,0,0.7103896103896103,0,0,7.103896103896103
e62bfc2ea3dae086,C,0,0.7360631802495354,0,0,7.360631802495354
5e58f1ee44f43eae,C,0,0.6760477001703578,0,0,6.760477001703578
57525d130933f9a8,C,0,0.7285392625949901,0,0,7.285392625949902
b803be44b7fedde2,C,0,0.7541831043395456,0,0,7.541831043395456
6c0be529addd5fec,C,0,0.728660240290584,0,0,7.28660240290584
317b5247a8f27227,C,0,0.7216131284916201,0,0,7.216131284916201
8bef45a427b79d1c,C,0,0.7734089246525238,0,0,7.7340892465252375
9a242d69ac19fc9d,C,0,0.7458373469106921,0,0,7.458373469106921
0c84a9ebc8aa96c1,C,0,0.5491061326091876,0,0,5.491061326091876
300fcd7158845062,C,0,0.6049757281553398,0,0,6.049757281553399
1a1fcbea9563189b,C,0,0.7481965428065878,0,0,7.481965428065878
830e756e9e1b1301,C,0,0.7256714948671072,0,0,7.256714948671073
4e58eaa8bb8ea179,C,0,0.7128325508607198,0.15,0,22.128325508607197
ebf638839b2c69bc,C,0,0.7568156267566049,0.016666666666666666,0,9.234822934232715
98b67910d77f6f14,C,0,0.701357312521208,0,0,7.01357312521208
69745eb11d06fc09,C,0,0.7355377654020188,0,0,7.355377654020188
c64b61f06e186d4f,C,0,0.76311303435615,0,0,7.6311303435615
173a0765b83479b4,C,0,0.7268607343698313,0,0,7.268607343698314
b511cef1a49df186,C,0,0.621381769926184,0,0,6.21381769926184
7271e72a0bb5e177,C,0,0.7372196403313801,0,0,7.372196403313801
8037cd1d9688fe10,C,0,0.732188566552901,0,0,7.32188566552901
9416275a25a39d66,C,0,0.7407757496740548,0,0,7.4077574967405475
3afc6ee106af7bd4,C,0,0.7471709717097171,0,0,7.471709717097172
e9c11440ebcb3dc5,C,0,0.7511517747063785,0,0,7.511517747063785
76ac587ff205c47c,C,0,0.6855387680557862,0,0,6.855387680557862
d7c6567176bdc4a0,C,0,0.6667630266676303,0,0,6.667630266676303
93a26b537d21868e,C,0,0.7204487875497647,0,0,7.204487875497647
176295e6b4d6fb6b,C,0,0.752262443438914,0.04838709677419355,0,12.361334111808496
2ac3cde3aabda26d,C,0,0.735974025974026,0.03333333333333333,0,10.693073593073594
42a3e7039be2db6d,C,0,0.7387933281209278,0,0,7.387933281209278
331be5bc6fe02530,C,0,0.7560137457044673,0,0,7.560137457044673
02666e1a1acf3280,C,0,0.6822630615406281,0,0,6.822630615406281
bd2896d9271878fb,C,0,0.740005158627805,0,0,7.4000515862780505
883bc9bf6baf4cce,C,0,0.6632888070013818,0,0,6.632888070013818
9d69a22e67753c49,C,0,0.7106212850268894,0,0,7.106212850268894
7a53eacd7cdb658d,C,0,0.7547258345622737,0,0,7.547258345622737
3a010c67a69022ff,C,0,0.72647660444899,0,0,7.2647660444899
ceafabce357e6f1a,C,0,0.7577969061876247,0,0,7.577969061876248
402a84f6e1e2fc86,C,0,0.6998901325276385,0,0,6.998901325276385
19c3d67a18c9fe4e,C,0,0.7360441075120606,0,0,7.360441075120606
ba4f1d924b235947,C,0,0.7194775311315647,0.017857142857142856,0,8.980489597029933
9dcf25559cb7cb87,C,0,0.7446709299227284,0,0,7.446709299227284
71bceb213dbd1bd5,C,0,0.738342625443487,0.018518518518518517,0,9.235278106286723
e366976dd4bac59d,C,0,0.6709633649932157,0.017241379310344827,0,8.43377158096664
a87a08d253f22246,C,0,0.7472573567372225,0,0,7.4725735673722244
0e8b0cfb2ca38098,C,0,0.7109006336793852,0,0,7.109006336793851
ce69fb7521c68318,C,0,0.6659070191431176,0,0,6.659070191431176
45a4cbc55446f7f2,C,0,0.7434944237918215,0,0,7.434944237918215
02b0de2039cbcf33,C,0,0.7547836418209104,0,0,7.547836418209104
09bcda58396b8974,C,0,0.7578689194713176,0,0,7.578689194713176
532feb36bb63a335,C,0,0.7275879784228102,0,0,7.275879784228102
b90b558ff1e197e5,C,0,0.7258262769735045,0,0,7.258262769735046
61d242e4bd5583a7,C,0,0.561470113085622,0,0,5.61470113085622
f2d2a9a7e0a829ef,C,0,0.7582381729200652,0,0,7.582381729200653
310964c7488dbc1d,C,0,0.7536226930963773,0.04918032786885246,0,12.45425971784902
0fea84f523968932,C,0,0.7702180980764021,0,0,7.7021809807640205
ff433838dca9daeb,C,0,0.7241148964595858,0,0,7.241148964595858
ada0ac40d34c9a63,C,0,0.6851543254600783,0,0,6.851543254600783
3b99b2e88be495c9,C,0,0.6802788143349996,0,0,6.802788143349996
4fc2445cae009f1b,C,0,0.7054637111720661,0,0,7.054637111720661
d511ddc24a8f7c43,C,0,0.7350181598062954,0,0,7.350181598062954
48eb033726078c7c,C,0,0.7652999597369481,0,0,7.652999597369481
5a2a0f67a9b0beef,C,0,0.7268130598093037,0,0,7.268130598093037
467813552cc77af9,C,0,0.740679264555669,0,0,7.40679264555669
47aa93f9bdb9aa70,C,0,0.7646175933176717,0.016666666666666666,0,9.312842599843384
eee0498d7bf29f11,C,0,0.7103117332948478,0,0,7.103117332948478
f50f57d53c01e7db,C,0,0.7681213945322297,0,0,7.681213945322297
5e89e5e7cd894803,C,0,0.7047038966757173,0,0,7.047038966757173
0f2b57b6483c45de,C,0,0.7641879908791487,0,0,7.641879908791487
3e4fc9c942370e4d,C,0,0.7224168727672438,0,0,7.224168727672438
9247a6a9b79f0776,C,0,0.7167919799498746,0,0,7.167919799498747
f79f590c42f999bc,C,0,0.7298960612691466,0,0,7.298960612691467
4dd3ccf985f54a43,C,0,0.7353462377317339,0,0,7.353462377317339
bd12a21710b4b384,C,0,0.7383563498510696,0.06451612903225806,0,13.8351764017365
5edad630cf19225e,C,0,0.7257093425605536,0,0,7.257093425605536
4ec0706631ecb62c,C,0,0.7315962099125365,0,0,7.315962099125365
99560e55b1eed19e,C,0,0.5983751846381093,0,0,5.983751846381093
f53e7109ee99f98f,C,0,0.7473388952819332,0,0,7.473388952819332
40f5e99c3362c942,C,0,0.7548951048951049,0,0,7.548951048951049
0bdbf90e52a6675b,C,0,0.71051907872121,0,0,7.1051907872121
ea30053e6069f5d9,C,0,0.7364212941097092,0,0,7.364212941097092
94dbbcb54abbbb3c,C,0,0.733580830239622,0.018518518518518517,0,9.187660154248071
1522668ddcb59e48,C,0,0.7415962191306663,0,0,7.415962191306663
e5c532f882efa82b,C,0,0.7462571848683331,0.25396825396825395,0,32.859397245508724
c667210d91b873c2,C,0,0.6538923053847308,0,0,6.5389230538473075
da2f5e3e247fef3a,C,0,0.6938775510204082,0,0,6.938775510204081
8f13a727966851ab,C,0,0.7482367165983744,0,0,7.482367165983744
ddb3baac40c531a1,C,0,0.7258281712900619,0.3939393939393939,0,46.65222110684001
73a3e5fff6d169d5,C,0,0.7415073579975244,0,0,7.415073579975244
758bcc122e9f40d0,C,0,0.7390528483184626,0,0,7.390528483184626
826d41d3592b3aba,C,0,0.7449932817198797,0,0,7.449932817198796
85178ab54c7ddc63,C,0,0.7431670136323955,0,0,7.431670136323954
b3824bbb033e0bbd,C,0,0.7305305510092744,0,0,7.305305510092745
1c925c826483dc92,C,0,0.6567678545241238,0,0,6.567678545241238
d9b4ab22b1b9d337,C,0,0.6843479504971743,0,0,6.843479504971743
68a29a7cf1343a7c,C,0,0.7487984837203006,0,0,7.487984837203006
1b0e28c418be1ed7,C,0,0.7164965758023365,0.018518518518518517,0,9.016817609875217
cc584684879501d4,C,0,0.7161520190023754,0.05172413793103448,0,12.333933983127203
3f48294e7225c04e,C,0,0.7392291720737088,0,0,7.392291720737088
3433fa223ad4f82a,C,0,0.6720517533936652,0,0,6.720517533936652
749541c39eb5d4b6,C,0,0.7489388794567062,0,0,7.489388794567063
32234925488d2e86,C,0,0.7272297395605994,0,0,7.272297395605994
2f302824168a6152,C,0,0.7500628614533568,0,0,7.500628614533568
16557b7c94a51c13,C,0,0.7525414156626506,0,0,7.525414156626507
11d2030affd1a534,C,0,0.7427946474523932,0.016666666666666666,0,9.094613141190598
2fc0dec4eb0cdf26,C,0,0.6958978328173374,0.1,0,16.958978328173373
540e24fdb258a13a,C,0,0.6548993971090289,0,0,6.5489939710902885
0695a1e96433af89,C,0,0.7515033947623666,0.01639344262295082,0,9.154378209918747
eca6163fef6761f7,C,0,0.7276082327892122,0,0,7.276082327892121
e6ce0423950699f0,C,0,0.7085243553008596,0.07142857142857142,0,14.228100695865738
7e92edad35e7a0ca,C,0,0.6697072549851506,0,0,6.697072549851506
10f4111b597a6286,C,0,0.6705175240028101,0,0,6.705175240028101
67545ce9e47b7d58,C,0,0.7043357257946389,0,0,7.043357257946389
8305b6dc40292547,C,0,0.7417503116184478,0,0,7.417503116184479
f2679b35618c911d,C,0,0.7072698346821609,0,0,7.072698346821609
ad60dd9f5c1ece85,C,0,0.7725106596438425,0,0,7.725106596438424
c4eef1e56d1185fa,C,0,0.7400144290680134,0,0,7.400144290680134
fecaa8477241153a,C,0,0.7201221285257342,0,0,7.201221285257342
70601e118575adb3,C,0,0.724824208940231,0,0,7.248242089402311
af5f4c9593a4bb66,C,0,0.7570795866326667,0.25,0,32.57079586632667
3af245c94e5e6a63,C,0,0.751934854297059,0,0,7.51934854297059
4e745c6270f29d6b,C,0,0.5657231485071733,0,0,5.657231485071733
1cae81a37ee57890,C,0,0.7309637822890672,0,0,7.309637822890672
63661b66901cf9c5,C,0,0.5459728579458765,0,0,5.459728579458765
24e9f1362b4b7dfb,C,0,0.7458662388943732,0,0,7.458662388943732
11462719025b00e4,C,0,0.7454260324098275,0,0,7.454260324098275
1567cd6a14f4afe1,C,0,0.7461560364464692,0,0,7.461560364464692
b22714fefdef5ab3,C,0,0.7386536805141456,0,0,7.386536805141456
4ad9a102b1716371,C,0,0.6996094923400421,0,0,6.996094923400421
789cd08ef6cb7832,C,0,0.6727006892710437,0,0,6.7270068927104365
d83aad2103ec4f26,C,0,0.7174105924105925,0,0,7.174105924105925
f84e33559ec31091,C,0,0.5876428141912207,0,0,5.876428141912207
1d2730c5d50e25d3,C,0,0.7560137457044673,0,0,7.560137457044673
14410d12ab062949,C,0,0.7384864165588616,0.016666666666666666,0,9.051530832255283
ec3597f4acf9ff12,C,0,0.7100294985250738,0,0,7.100294985250738
cb298098ee4c67ef,C,0,0.7079614166426721,0.1,0,17.079614166426722
f93b4a50feacbbf3,C,0,0.7161520190023754,0.017241379310344827,0,8.885658121058237
f137dc6cf2d5533d,C,0,0.7474740760436054,0,0,7.474740760436054
516a2ebbe4b44383,C,0,0.761651500245942,0.017857142857142856,0,9.402229288173706
245ba4b8fc3c6671,C,0,0.6874168009528481,0,0,6.87416800952848
5a1a0d20a28ea5c6,C,0,0.7365802566116785,0,0,7.365802566116785
ea785f987a778dac,C,0,0.7383926782016167,0,0,7.383926782016167
fc33aca8ecf5e1cc,C,0,0.375673454479043,0,0,3.75673454479043
16046ef7cc0cf229,C,0,0.7681432038834951,0,0,7.681432038834951
37576b54b59c48b2,C,0,0.7346986659515988,0,0,7.346986659515988
db2f9428735b8957,C,0,0.653537258188421,0,0,6.53537258188421
c8a2eadc8c37999b,C,0,0.7394474034620506,0.01694915254237288,0,9.089389288857795
a0b60a3e96da0a4b,C,0,0.7143453748172897,0.01694915254237288,0,8.838369002410186
d866ea74cf3b099a,C,0,0.7271789398790466,0,0,7.271789398790466
fd281c0d78e44583,C,0,0.6836392201671071,0,0,6.836392201671071
e145f39a5f4c732e,C,0,0.7350850469662351,0.01818181818181818,0,9.16903228784417
44b3766f3165814c,C,0,0.7453970871118439,0,0,7.45397087111844
277c4322ed8b32f5,C,0,0.7245786782806287,0,0,7.245786782806287
17cebbe83c3fb5a6,C,0,0.7487892624878926,0,0,7.487892624878926
eb95f9489c029abe,C,0,0.7262889440308795,0,0,7.262889440308795
0a2619201ea01c39,C,0,0.7728937728937729,0,0,7.728937728937729
b477d2243d2f7f51,C,0,0.5903677301573502,0,0,5.903677301573502
3b8d3686944bdb08,C,0,0.6423557489821704,0,0,6.423557489821704
a82558e48b5cfbb2,C,0,0.745358788676761,0,0,7.453587886767609
4240070a25f2bfc6,C,0,0.7233128379879991,0,0,7.23312837987999
65535e6c5b17fb85,C,0,0.7233563187000751,0,0,7.233563187000751
078f1d6a8614bd25,C,0,0.7663172606568833,0,0,7.663172606568834
66f7f41efcabd105,C,0,0.7301454722628246,0,0,7.301454722628246
5cf0ec3add918a2e,C,0,0.45015048908954103,0,0,4.5015048908954105
