"sourceId","english","original","categories","status","register","confidence","reasonCode","reason","proposedReplacement","applied","reviewer","sources","headwordIndex","translationIndex","beforeStatus","beforeRegister","finalArabic","beforeGrid","afterGrid","metadataChanged","repetitionAssessment"
"h91:t0","THAN","من...","[""possibly-malformed""]","approved","msa","high","editorial-residue","من is the MSA comparative connector corresponding to THAN. The ellipsis is editorial residue, not part of the word.","من","true","AI-assisted linguistic review","[]","91","0","review","uncertain","من","من","من","true",""
"h1468:t5","PLANT","مصنع مصنع","[""repeated-word""]","approved","msa","high","accidental-repetition","The single form 'مصنع' is a natural MSA rendering of the identified PLANT sense. The second identical word adds no intended meaning here.","مصنع","true","AI-assisted linguistic review","[]","1468","5","review","uncertain","مصنع","مصنعمصنع","مصنع","true","accidental"
"h2660:t0","PROPER","السليم السليم","[""repeated-word""]","approved","msa","high","accidental-repetition","The single form 'السليم' is a natural MSA rendering of the identified PROPER sense. The second identical word adds no intended meaning here.","السليم","true","AI-assisted linguistic review","[]","2660","0","review","uncertain","السليم","السليمالسليم","السليم","true","accidental"
"h2771:t2","REASONABLE","معقول معقول","[""repeated-word""]","approved","msa","high","accidental-repetition","The single form 'معقول' is a natural MSA rendering of the identified REASONABLE sense. The second identical word adds no intended meaning here.","معقول","true","AI-assisted linguistic review","[]","2771","2","review","uncertain","معقول","معقولمعقول","معقول","true","accidental"
"h2916:t1","KILL","قتل قتل","[""repeated-word""]","approved","msa","high","accidental-repetition","The single form 'قتل' is a natural MSA rendering of the identified KILL sense. The second identical word adds no intended meaning here.","قتل","true","AI-assisted linguistic review","[]","2916","1","review","uncertain","قتل","قتلقتل","قتل","true","accidental"
"h3147:t1","GUN","بندقية بندقية","[""repeated-word""]","approved","msa","high","accidental-repetition","The single form 'بندقية' is a natural MSA rendering of the identified GUN sense. The second identical word adds no intended meaning here.","بندقية","true","AI-assisted linguistic review","[]","3147","1","review","uncertain","بندقية","بندقيةبندقية","بندقية","true","accidental"
"h3257:t0","OUTLET","منفذ منفذ","[""repeated-word""]","approved","msa","high","accidental-repetition","The single form 'منفذ' is a natural MSA rendering of the identified OUTLET sense. The second identical word adds no intended meaning here.","منفذ","true","AI-assisted linguistic review","[]","3257","0","review","uncertain","منفذ","منفذمنفذ","منفذ","true","accidental"
"h3903:t3","ALARM","إنذار إنذار","[""repeated-word""]","approved","msa","high","accidental-repetition","The single form 'إنذار' is a natural MSA rendering of the identified ALARM sense. The second identical word adds no intended meaning here.","إنذار","true","AI-assisted linguistic review","[]","3903","3","review","uncertain","إنذار","إنذارإنذار","إنذار","true","accidental"
"h4244:t0","VENTURE","مشروع مشروع","[""repeated-word""]","approved","msa","high","accidental-repetition","The single form 'مشروع' is a natural MSA rendering of the identified VENTURE sense. The second identical word adds no intended meaning here.","مشروع","true","AI-assisted linguistic review","[]","4244","0","review","uncertain","مشروع","مشروعمشروع","مشروع","true","accidental"
"h4321:t1","EAR","الأذن الأذن","[""repeated-word""]","approved","msa","high","accidental-repetition","The single form 'الأذن' is a natural MSA rendering of the identified EAR sense. The second identical word adds no intended meaning here.","الأذن","true","AI-assisted linguistic review","[]","4321","1","review","uncertain","الأذن","الأذنالأذن","الأذن","true","accidental"
"h4551:t0","INDOOR","داخلي داخلي","[""repeated-word""]","approved","msa","high","accidental-repetition","The single form 'داخلي' is a natural MSA rendering of the identified INDOOR sense. The second identical word adds no intended meaning here.","داخلي","true","AI-assisted linguistic review","[]","4551","0","review","uncertain","داخلي","داخليداخلي","داخلي","true","accidental"
"h4600:t1","MILL","مطحنة مطحنة","[""repeated-word""]","approved","msa","high","accidental-repetition","The single form 'مطحنة' is a natural MSA rendering of the identified MILL sense. The second identical word adds no intended meaning here.","مطحنة","true","AI-assisted linguistic review","[]","4600","1","review","uncertain","مطحنة","مطحنةمطحنة","مطحنة","true","accidental"
"h4655:t0","RECORDER","مسجل مسجل","[""repeated-word""]","approved","msa","high","accidental-repetition","The single form 'مسجل' is a natural MSA rendering of the identified RECORDER sense. The second identical word adds no intended meaning here.","مسجل","true","AI-assisted linguistic review","[]","4655","0","review","uncertain","مسجل","مسجلمسجل","مسجل","true","accidental"
"h4714:t0","PAD","وسادة وسادة","[""repeated-word""]","approved","msa","high","accidental-repetition","The single form 'وسادة' is a natural MSA rendering of the identified PAD sense. The second identical word adds no intended meaning here.","وسادة","true","AI-assisted linguistic review","[]","4714","0","review","uncertain","وسادة","وسادةوسادة","وسادة","true","accidental"
"h5301:t2","ISLAM","الإسلام”","[""possibly-malformed""]","approved","msa","high","editorial-residue","Remove the stray closing quotation mark from this otherwise valid MSA rendering.","الإسلام","true","AI-assisted linguistic review","[]","5301","2","review","uncertain","الإسلام","الإسلام”","الإسلام","true",""
"h5329:t0","ACUTE","حاد حاد","[""repeated-word""]","approved","msa","high","accidental-repetition","The single form 'حاد' is a natural MSA rendering of the identified ACUTE sense. The second identical word adds no intended meaning here.","حاد","true","AI-assisted linguistic review","[]","5329","0","review","uncertain","حاد","حادحاد","حاد","true","accidental"
"h5449:t1","PLANNER","مخطط مخطط","[""repeated-word""]","approved","msa","high","accidental-repetition","The single form 'مخطط' is a natural MSA rendering of the identified PLANNER sense. The second identical word adds no intended meaning here.","مخطط","true","AI-assisted linguistic review","[]","5449","1","review","uncertain","مخطط","مخططمخطط","مخطط","true","accidental"
"h5538:t0","SPECTACULAR","مذهلة مذهلة","[""repeated-word""]","approved","msa","high","accidental-repetition","The single form 'مذهلة' is a natural MSA rendering of the identified SPECTACULAR sense. The second identical word adds no intended meaning here.","مذهلة","true","AI-assisted linguistic review","[]","5538","0","review","uncertain","مذهلة","مذهلةمذهلة","مذهلة","true","accidental"
"h5648:t0","SUCKING","مص مص","[""repeated-word""]","approved","msa","high","accidental-repetition","The single form 'مص' is a natural MSA rendering of the identified SUCKING sense. The second identical word adds no intended meaning here.","مص","true","AI-assisted linguistic review","[]","5648","0","review","uncertain","مص","مصمص","مص","true","accidental"
"h5862:t0","AUTOS","السيارات السيارات","[""repeated-word""]","approved","msa","high","accidental-repetition","The single form 'السيارات' expresses the ordinary AUTOS sense; the second identical token adds no intended meaning here. Apply the natural single form.","السيارات","true","AI-assisted linguistic review","[]","5862","0","review","uncertain","السيارات","السياراتالسيارات","السيارات","true","accidental"
"h6044:t0","STREAMING","تدفق تدفق","[""repeated-word""]","approved","msa","high","accidental-repetition","The single form 'تدفق' is a natural MSA rendering of the identified STREAMING sense. The second identical word adds no intended meaning here.","تدفق","true","AI-assisted linguistic review","[]","6044","0","review","uncertain","تدفق","تدفقتدفق","تدفق","true","accidental"
"h6182:t2","STRAIN","سلالة سلالة","[""repeated-word""]","approved","msa","high","accidental-repetition","The single form 'سلالة' is a natural MSA rendering of the identified STRAIN sense. The second identical word adds no intended meaning here.","سلالة","true","AI-assisted linguistic review","[]","6182","2","review","uncertain","سلالة","سلالةسلالة","سلالة","true","accidental"
"h6768:t2","BRICK","الطوب الطوب","[""repeated-word""]","approved","msa","high","accidental-repetition","The single form 'الطوب' is a natural MSA rendering of the identified BRICK sense. The second identical word adds no intended meaning here.","الطوب","true","AI-assisted linguistic review","[]","6768","2","review","uncertain","الطوب","الطوبالطوب","الطوب","true","accidental"
"h6841:t0","BIZARRE","غريب غريب","[""repeated-word""]","approved","msa","high","accidental-repetition","The single form 'غريب' is a natural MSA rendering of the identified BIZARRE sense. The second identical word adds no intended meaning here.","غريب","true","AI-assisted linguistic review","[]","6841","0","review","uncertain","غريب","غريبغريب","غريب","true","accidental"
"h7528:t1","DEEPER","أعمق أعمق","[""repeated-word""]","approved","msa","high","accidental-repetition","The single form 'أعمق' is a natural MSA rendering of the identified DEEPER sense. The second identical word adds no intended meaning here.","أعمق","true","AI-assisted linguistic review","[]","7528","1","review","uncertain","أعمق","أعمقأعمق","أعمق","true","accidental"
"h7716:t1","BIND","ربط ربط","[""repeated-word""]","approved","msa","high","accidental-repetition","The single form 'ربط' is a natural MSA rendering of the identified BIND sense. The second identical word adds no intended meaning here.","ربط","true","AI-assisted linguistic review","[]","7716","1","review","uncertain","ربط","ربطربط","ربط","true","accidental"
"h8201:t0","COATING","طلاء طلاء","[""repeated-word""]","approved","msa","high","accidental-repetition","The single form 'طلاء' is a natural MSA rendering of the identified COATING sense. The second identical word adds no intended meaning here.","طلاء","true","AI-assisted linguistic review","[]","8201","0","review","uncertain","طلاء","طلاءطلاء","طلاء","true","accidental"
"h8267:t0","ADAPTOR","محول محول","[""repeated-word""]","approved","msa","high","accidental-repetition","The single form 'محول' is a natural MSA rendering of the identified ADAPTOR sense. The second identical word adds no intended meaning here.","محول","true","AI-assisted linguistic review","[]","8267","0","review","uncertain","محول","محولمحول","محول","true","accidental"
"h8589:t2","NEEDLE","إبرة إبرة","[""repeated-word""]","approved","msa","high","accidental-repetition","The single form 'إبرة' is a natural MSA rendering of the identified NEEDLE sense. The second identical word adds no intended meaning here.","إبرة","true","AI-assisted linguistic review","[]","8589","2","review","uncertain","إبرة","إبرةإبرة","إبرة","true","accidental"
"h8853:t0","LOCKING","قفل قفل","[""repeated-word""]","approved","msa","high","accidental-repetition","The single form 'قفل' is a natural MSA rendering of the identified LOCKING sense. The second identical word adds no intended meaning here.","قفل","true","AI-assisted linguistic review","[]","8853","0","review","uncertain","قفل","قفلقفل","قفل","true","accidental"
"h214:t1","DID","فعل (ماضي)","[""editorial-note""]","approved","msa","high","editorial-note","The parenthetical text is an editorial label. 'فعل' correctly expresses this English past-tense/interjection/preposition sense without that label.","فعل","true","AI-assisted linguistic review","[]","214","1","review","uncertain","فعل","فعلماضي","فعل","true",""
"h1434:t0","ADS","الاعلانات","[""abbreviation""]","approved","msa","high","orthography","Restore the missing hamza in this established MSA word; the intended lexical meaning is clear.","الإعلانات","true","AI-assisted linguistic review","[]","1434","0","review","uncertain","الإعلانات","الاعلانات","الإعلانات","true",""
"h1434:t1","ADS","اعلانات","[""abbreviation""]","approved","msa","high","orthography","Restore the missing hamza in this established MSA word; the intended lexical meaning is clear.","إعلانات","true","AI-assisted linguistic review","[]","1434","1","review","uncertain","إعلانات","اعلانات","إعلانات","true",""
"h1605:t0","SAW","راى","[""abbreviation""]","approved","msa","high","orthography","Restore the missing hamza in this established MSA word; the intended lexical meaning is clear.","رأى","true","AI-assisted linguistic review","[]","1605","0","review","uncertain","رأى","راى","رأى","true",""
"h1727:t2","CUP","كاس","[""abbreviation""]","approved","msa","high","orthography","Restore the missing hamza in this established MSA word; the intended lexical meaning is clear.","كأس","true","AI-assisted linguistic review","[]","1727","2","review","uncertain","كأس","كاس","كأس","true",""
"h1727:t3","CUP","الكاس","[""abbreviation""]","approved","msa","high","orthography","Restore the missing hamza in this established MSA word; the intended lexical meaning is clear.","الكأس","true","AI-assisted linguistic review","[]","1727","3","review","uncertain","الكأس","الكاس","الكأس","true",""
"h7162:t0","AYE","نعم (رسمي)","[""abbreviation"",""editorial-note""]","approved","msa","high","editorial-note","The parenthetical text is an editorial label. 'نعم' correctly expresses this English past-tense/interjection/preposition sense without that label.","نعم","true","AI-assisted linguistic review","[]","7162","0","review","uncertain","نعم","نعمرسمي","نعم","true",""
"h8375:t0","ATE","أكل (ماضي)","[""abbreviation"",""editorial-note""]","approved","msa","high","editorial-note","The parenthetical text is an editorial label. 'أكل' correctly expresses this English past-tense/interjection/preposition sense without that label.","أكل","true","AI-assisted linguistic review","[]","8375","0","review","uncertain","أكل","أكلماضي","أكل","true",""
"h12829:t1","DUG","حفر (ماضي)","[""editorial-note""]","approved","msa","high","editorial-note","The parenthetical text is an editorial label. 'حفر' correctly expresses this English past-tense/interjection/preposition sense without that label.","حفر","true","AI-assisted linguistic review","[]","12829","1","review","uncertain","حفر","حفرماضي","حفر","true",""
"h15210:t0","ERE","قبل (شاعري)","[""editorial-note""]","approved","msa","high","editorial-note","The parenthetical text is an editorial label. 'قبل' correctly expresses this English past-tense/interjection/preposition sense without that label.","قبل","true","AI-assisted linguistic review","[]","15210","0","review","uncertain","قبل","قبلشاعري","قبل","true",""
