"headwordIndex","english","referenceArabic","beforeStatus","status","relationships","approved","review","rejected","reason"
"1","OF","من","review","approved","1","1","0","0","Suitable general vocabulary with at least one high-confidence approved MSA equivalent."
"2","AND","و","review","approved","2","1","1","0","Suitable general vocabulary with at least one high-confidence approved MSA equivalent."
"3","TO","من أجل","review","approved","1","1","0","0","Suitable general vocabulary with at least one high-confidence approved MSA equivalent."
"4","A","أداة تنكير","review","review","1","0","1","0","Suitable headword; no existing equivalent certified with high confidence in this batch."
"5","IN","في","review","approved","1","1","0","0","Suitable general vocabulary with at least one high-confidence approved MSA equivalent."
"6","FOR","من أجل","review","approved","2","1","1","0","Suitable general vocabulary with at least one high-confidence approved MSA equivalent."
"7","IS","هو كذلك","review","review","1","0","0","1","Suitable headword; no existing equivalent certified with high confidence in this batch."
"8","ON","على","review","approved","1","1","0","0","Suitable general vocabulary with at least one high-confidence approved MSA equivalent."
"9","THAT","هذا","review","approved","2","1","1","0","Suitable general vocabulary with at least one high-confidence approved MSA equivalent."
"10","BY","بواسطة","review","approved","1","1","0","0","Suitable general vocabulary with at least one high-confidence approved MSA equivalent."
"11","THIS","هذا","review","approved","2","2","0","0","Suitable general vocabulary with at least one high-confidence approved MSA equivalent."
"12","WITH","مع","review","approved","1","1","0","0","Suitable general vocabulary with at least one high-confidence approved MSA equivalent."
"13","I","أولاً","review","review","1","0","0","1","Suitable headword; no existing equivalent certified with high confidence in this batch."
"14","YOU","أنت.","review","approved","3","1","1","1","Suitable general vocabulary with at least one high-confidence approved MSA equivalent."
"17","OR","أو","review","approved","1","1","0","0","Suitable general vocabulary with at least one high-confidence approved MSA equivalent."
"18","ARE","نعم.","review","review","1","0","0","1","Suitable headword; no existing equivalent certified with high confidence in this batch."
"19","FROM","من","review","approved","1","1","0","0","Suitable general vocabulary with at least one high-confidence approved MSA equivalent."
"20","AT","في","review","approved","1","1","0","0","Suitable general vocabulary with at least one high-confidence approved MSA equivalent."
"21","AS","حسب","review","review","1","0","1","0","Suitable headword; no existing equivalent certified with high confidence in this batch."
"22","YOUR","الخاص بك","review","approved","2","1","0","1","Suitable general vocabulary with at least one high-confidence approved MSA equivalent."
"23","ALL","الكل","review","approved","5","3","2","0","Suitable general vocabulary with at least one high-confidence approved MSA equivalent."
"24","HAVE","قد","review","review","2","0","2","0","Suitable headword; no existing equivalent certified with high confidence in this batch."
"25","NEW","جديد","review","approved","4","3","1","0","Suitable general vocabulary with at least one high-confidence approved MSA equivalent."
"26","MORE","المزيد","review","approved","4","2","1","1","Suitable general vocabulary with at least one high-confidence approved MSA equivalent."
"27","AN","أداة تنكير","review","review","1","0","1","0","Suitable headword; no existing equivalent certified with high confidence in this batch."
"28","WAS","كان","review","approved","2","2","0","0","Suitable general vocabulary with at least one high-confidence approved MSA equivalent."
"29","WE","نحن.","review","approved","1","1","0","0","Suitable general vocabulary with at least one high-confidence approved MSA equivalent."
"30","WILL","ويل","review","approved","3","1","1","1","Suitable general vocabulary with at least one high-confidence approved MSA equivalent."
"31","HOME","منزل","review","approved","4","4","0","0","Suitable general vocabulary with at least one high-confidence approved MSA equivalent."
"32","CAN","يمكن","review","approved","2","2","0","0","Suitable general vocabulary with at least one high-confidence approved MSA equivalent."
"33","US","نحن","review","review","1","0","0","1","Suitable headword; no existing equivalent certified with high confidence in this batch."
"34","ABOUT","حول","review","approved","4","3","1","0","Suitable general vocabulary with at least one high-confidence approved MSA equivalent."
"35","IF","لو","review","approved","1","1","0","0","Suitable general vocabulary with at least one high-confidence approved MSA equivalent."
"36","PAGE","الصفحة","review","approved","2","2","0","0","Suitable general vocabulary with at least one high-confidence approved MSA equivalent."
"38","HAS","لديه","review","approved","1","1","0","0","Suitable general vocabulary with at least one high-confidence approved MSA equivalent."
"39","SEARCH","البحث","review","approved","3","3","0","0","Suitable general vocabulary with at least one high-confidence approved MSA equivalent."
"40","FREE","مجانا","review","approved","4","3","1","0","Suitable general vocabulary with at least one high-confidence approved MSA equivalent."
"41","BUT","لكن","review","approved","3","2","0","1","Suitable general vocabulary with at least one high-confidence approved MSA equivalent."
"42","ONE","واحد","review","approved","4","2","2","0","Suitable general vocabulary with at least one high-confidence approved MSA equivalent."
"43","OTHER","أخرى","review","approved","2","1","1","0","Suitable general vocabulary with at least one high-confidence approved MSA equivalent."
"44","DO","افعل","review","approved","1","1","0","0","Suitable general vocabulary with at least one high-confidence approved MSA equivalent."
"45","NO","لا","review","approved","1","1","0","0","Suitable general vocabulary with at least one high-confidence approved MSA equivalent."
"46","INFORMATION","معلومات","review","approved","3","2","1","0","Suitable general vocabulary with at least one high-confidence approved MSA equivalent."
"47","TIME","الوقت","review","approved","5","5","0","0","Suitable general vocabulary with at least one high-confidence approved MSA equivalent."
"48","THEY","هم.","review","approved","2","1","1","0","Suitable general vocabulary with at least one high-confidence approved MSA equivalent."
"49","SITE","الموقع","review","approved","1","1","0","0","Suitable general vocabulary with at least one high-confidence approved MSA equivalent."
"50","HE","هو.","review","approved","1","1","0","0","Suitable general vocabulary with at least one high-confidence approved MSA equivalent."
"51","UP","فوق","review","approved","1","1","0","0","Suitable general vocabulary with at least one high-confidence approved MSA equivalent."
"52","MAY","مايو","review","approved","4","2","2","0","Suitable general vocabulary with at least one high-confidence approved MSA equivalent."
"53","WHAT","ما هذا؟","review","approved","5","2","1","2","Suitable general vocabulary with at least one high-confidence approved MSA equivalent."
"54","WHICH","التي","review","approved","4","2","2","0","Suitable general vocabulary with at least one high-confidence approved MSA equivalent."
"55","THEIR","لهم","review","review","1","0","1","0","Suitable headword; no existing equivalent certified with high confidence in this batch."
"56","NEWS","اخبار","review","review","4","0","4","0","Suitable headword; no existing equivalent certified with high confidence in this batch."
"58","USE","الاستخدام","review","approved","5","5","0","0","Suitable general vocabulary with at least one high-confidence approved MSA equivalent."
"59","ANY","أي منها","review","review","3","0","3","0","Suitable headword; no existing equivalent certified with high confidence in this batch."
"60","THERE","هناك.","review","approved","1","1","0","0","Suitable general vocabulary with at least one high-confidence approved MSA equivalent."
"61","SEE","انظر","review","approved","3","2","1","0","Suitable general vocabulary with at least one high-confidence approved MSA equivalent."
"62","ONLY","فقط","review","approved","1","1","0","0","Suitable general vocabulary with at least one high-confidence approved MSA equivalent."
"63","SO","أجل.","review","review","1","0","0","1","Suitable headword; no existing equivalent certified with high confidence in this batch."
"64","HIS","له","review","review","2","0","1","1","Suitable headword; no existing equivalent certified with high confidence in this batch."
"65","WHEN","متى","review","approved","3","3","0","0","Suitable general vocabulary with at least one high-confidence approved MSA equivalent."
"66","CONTACT","الاتصال","review","approved","4","3","1","0","Suitable general vocabulary with at least one high-confidence approved MSA equivalent."
"67","HERE","هنا","review","approved","1","1","0","0","Suitable general vocabulary with at least one high-confidence approved MSA equivalent."
"68","BUSINESS","الأعمال","review","approved","4","3","1","0","Suitable general vocabulary with at least one high-confidence approved MSA equivalent."
"69","WHO","مَن","review","approved","2","1","0","1","Suitable general vocabulary with at least one high-confidence approved MSA equivalent."
"70","WEB","شبكة الإنترنت","review","approved","4","4","0","0","Suitable general vocabulary with at least one high-confidence approved MSA equivalent."
"71","ALSO","أيضا","review","approved","3","1","1","1","Suitable general vocabulary with at least one high-confidence approved MSA equivalent."
"72","NOW","الآن","review","approved","3","1","2","0","Suitable general vocabulary with at least one high-confidence approved MSA equivalent."
"73","HELP","مساعدة","review","approved","3","3","0","0","Suitable general vocabulary with at least one high-confidence approved MSA equivalent."
"74","GET","الحصول على","review","review","4","0","4","0","Suitable headword; no existing equivalent certified with high confidence in this batch."
"75","VIEW","عرض","review","approved","3","3","0","0","Suitable general vocabulary with at least one high-confidence approved MSA equivalent."
"76","ONLINE","على الانترنت","review","review","2","0","2","0","Suitable headword; no existing equivalent certified with high confidence in this batch."
"77","FIRST","أولاً","review","review","5","0","5","0","Suitable headword; no existing equivalent certified with high confidence in this batch."
"78","AM","أنا.","review","review","1","0","0","1","Suitable headword; no existing equivalent certified with high confidence in this batch."
"79","BEEN","كان","review","review","1","0","1","0","Suitable headword; no existing equivalent certified with high confidence in this batch."
"80","WOULD","سوف","review","review","1","0","1","0","Suitable headword; no existing equivalent certified with high confidence in this batch."
"82","WERE","كانت","review","approved","1","1","0","0","Suitable general vocabulary with at least one high-confidence approved MSA equivalent."
"83","ME","أنا.","review","review","1","0","0","1","Suitable headword; no existing equivalent certified with high confidence in this batch."
"84","SERVICES","الخدمات","review","approved","2","2","0","0","Suitable general vocabulary with at least one high-confidence approved MSA equivalent."
"85","SOME","بعض","review","approved","2","2","0","0","Suitable general vocabulary with at least one high-confidence approved MSA equivalent."
"86","THESE","هذه","review","approved","2","2","0","0","Suitable general vocabulary with at least one high-confidence approved MSA equivalent."
"87","CLICK","انقر فوق","review","approved","6","4","2","0","Suitable general vocabulary with at least one high-confidence approved MSA equivalent."
"88","ITS","هاته","review","review","1","0","0","1","Suitable headword; no existing equivalent certified with high confidence in this batch."
"89","LIKE","مثل","review","approved","2","1","1","0","Suitable general vocabulary with at least one high-confidence approved MSA equivalent."
"90","SERVICE","الخدمة","review","approved","3","2","0","1","Suitable general vocabulary with at least one high-confidence approved MSA equivalent."
"92","FIND","العثور على","review","review","4","0","4","0","Suitable headword; no existing equivalent certified with high confidence in this batch."
"93","PRICE","السعر","review","approved","5","3","0","2","Suitable general vocabulary with at least one high-confidence approved MSA equivalent."
"94","DATE","التاريخ","review","approved","4","4","0","0","Suitable general vocabulary with at least one high-confidence approved MSA equivalent."
"95","BACK","عودة","review","approved","6","2","4","0","Suitable general vocabulary with at least one high-confidence approved MSA equivalent."
"96","TOP","أعلى","review","approved","5","3","2","0","Suitable general vocabulary with at least one high-confidence approved MSA equivalent."
"97","PEOPLE","الناس","review","approved","5","2","3","0","Suitable general vocabulary with at least one high-confidence approved MSA equivalent."
"98","HAD","كان","review","review","1","0","1","0","Suitable headword; no existing equivalent certified with high confidence in this batch."
"99","LIST","قائمة","review","approved","3","2","1","0","Suitable general vocabulary with at least one high-confidence approved MSA equivalent."
"100","NAME","الاسم","review","approved","2","2","0","0","Suitable general vocabulary with at least one high-confidence approved MSA equivalent."
"101","JUST","فقط","review","approved","2","2","0","0","Suitable general vocabulary with at least one high-confidence approved MSA equivalent."
"102","OVER","أكثر من","review","approved","1","1","0","0","Suitable general vocabulary with at least one high-confidence approved MSA equivalent."
"103","STATE","الدولة","review","approved","5","5","0","0","Suitable general vocabulary with at least one high-confidence approved MSA equivalent."
"104","YEAR","السنة","review","approved","6","4","2","0","Suitable general vocabulary with at least one high-confidence approved MSA equivalent."
"105","DAY","اليوم","review","approved","3","3","0","0","Suitable general vocabulary with at least one high-confidence approved MSA equivalent."
"106","INTO","إلى داخل","review","approved","1","1","0","0","Suitable general vocabulary with at least one high-confidence approved MSA equivalent."
"107","EMAIL","البريد الإلكتروني","review","approved","3","1","2","0","Suitable general vocabulary with at least one high-confidence approved MSA equivalent."
"108","TWO","اثنان","review","approved","3","3","0","0","Suitable general vocabulary with at least one high-confidence approved MSA equivalent."
"109","HEALTH","الصحة","review","approved","2","2","0","0","Suitable general vocabulary with at least one high-confidence approved MSA equivalent."
"110","WORLD","العالم","review","approved","4","3","0","1","Suitable general vocabulary with at least one high-confidence approved MSA equivalent."
"111","NEXT","التالي","review","approved","4","3","1","0","Suitable general vocabulary with at least one high-confidence approved MSA equivalent."
"112","USED","مستعمل","review","approved","5","2","3","0","Suitable general vocabulary with at least one high-confidence approved MSA equivalent."
"113","GO","اذهبي","review","review","1","0","1","0","Suitable headword; no existing equivalent certified with high confidence in this batch."
"114","WORK","العمل","review","approved","3","3","0","0","Suitable general vocabulary with at least one high-confidence approved MSA equivalent."
"115","LAST","الأخير","review","approved","6","1","5","0","Suitable general vocabulary with at least one high-confidence approved MSA equivalent."
"116","MOST","معظم","review","approved","3","1","2","0","Suitable general vocabulary with at least one high-confidence approved MSA equivalent."
"117","PRODUCTS","المنتجات","review","approved","2","2","0","0","Suitable general vocabulary with at least one high-confidence approved MSA equivalent."
"118","MUSIC","الموسيقى","review","approved","3","2","1","0","Suitable general vocabulary with at least one high-confidence approved MSA equivalent."
"119","BUY","شراء","review","approved","3","1","2","0","Suitable general vocabulary with at least one high-confidence approved MSA equivalent."
"120","DATA","البيانات","review","approved","2","2","0","0","Suitable general vocabulary with at least one high-confidence approved MSA equivalent."
"121","MAKE","جعل","review","approved","4","2","2","0","Suitable general vocabulary with at least one high-confidence approved MSA equivalent."
"122","THEM","هم.","review","review","1","0","1","0","Suitable headword; no existing equivalent certified with high confidence in this batch."
"123","SHOULD","ينبغي","review","approved","1","1","0","0","Suitable general vocabulary with at least one high-confidence approved MSA equivalent."
"124","PRODUCT","المنتج","review","approved","4","2","0","2","Suitable general vocabulary with at least one high-confidence approved MSA equivalent."
"125","SYSTEM","نظام","review","approved","3","3","0","0","Suitable general vocabulary with at least one high-confidence approved MSA equivalent."
"126","POST","الوظائف","review","approved","5","2","2","1","Suitable general vocabulary with at least one high-confidence approved MSA equivalent."
"127","HER","لها","review","approved","2","1","1","0","Suitable general vocabulary with at least one high-confidence approved MSA equivalent."
"128","CITY","المدينة","review","approved","4","2","2","0","Suitable general vocabulary with at least one high-confidence approved MSA equivalent."
"129","ADD","إضافة","review","review","5","0","5","0","Suitable headword; no existing equivalent certified with high confidence in this batch."
"130","POLICY","السياسة","review","approved","3","2","0","1","Suitable general vocabulary with at least one high-confidence approved MSA equivalent."
"131","NUMBER","الرقم","review","approved","4","4","0","0","Suitable general vocabulary with at least one high-confidence approved MSA equivalent."
"132","SUCH","مثل هذه","review","approved","1","1","0","0","Suitable general vocabulary with at least one high-confidence approved MSA equivalent."
"133","PLEASE","رجاءً","review","approved","4","2","2","0","Suitable general vocabulary with at least one high-confidence approved MSA equivalent."
"134","AVAILABLE","متاح","review","approved","5","4","1","0","Suitable general vocabulary with at least one high-confidence approved MSA equivalent."
"135","COPYRIGHT","حقوق النشر","review","approved","1","1","0","0","Suitable general vocabulary with at least one high-confidence approved MSA equivalent."
"136","SUPPORT","الدعم","review","approved","2","2","0","0","Suitable general vocabulary with at least one high-confidence approved MSA equivalent."
"137","MESSAGE","الرسالة","review","approved","3","2","1","0","Suitable general vocabulary with at least one high-confidence approved MSA equivalent."
"138","AFTER","بعد","review","approved","2","2","0","0","Suitable general vocabulary with at least one high-confidence approved MSA equivalent."
"139","BEST","أفضل","review","approved","5","1","3","1","Suitable general vocabulary with at least one high-confidence approved MSA equivalent."
"140","SOFTWARE","البرامجيات","review","approved","6","4","2","0","Suitable general vocabulary with at least one high-confidence approved MSA equivalent."
"141","THEN","إذاً","review","approved","5","2","3","0","Suitable general vocabulary with at least one high-confidence approved MSA equivalent."
"143","GOOD","جيد","review","approved","5","2","3","0","Suitable general vocabulary with at least one high-confidence approved MSA equivalent."
"144","VIDEO","فيديو","review","approved","3","2","0","1","Suitable general vocabulary with at least one high-confidence approved MSA equivalent."
"145","WELL","حسناً","review","approved","1","1","0","0","Suitable general vocabulary with at least one high-confidence approved MSA equivalent."
"146","WHERE","أين","review","approved","3","2","1","0","Suitable general vocabulary with at least one high-confidence approved MSA equivalent."
"148","RIGHTS","الحقوق","review","approved","2","2","0","0","Suitable general vocabulary with at least one high-confidence approved MSA equivalent."
"149","PUBLIC","الجمهور","review","approved","5","3","2","0","Suitable general vocabulary with at least one high-confidence approved MSA equivalent."
"150","BOOKS","الكتب","review","approved","2","2","0","0","Suitable general vocabulary with at least one high-confidence approved MSA equivalent."
"151","HIGH","مرتفع","review","approved","5","3","2","0","Suitable general vocabulary with at least one high-confidence approved MSA equivalent."
"152","SCHOOL","مدرسة","review","approved","4","2","1","1","Suitable general vocabulary with at least one high-confidence approved MSA equivalent."
"153","THROUGH","عن طريق","review","approved","3","3","0","0","Suitable general vocabulary with at least one high-confidence approved MSA equivalent."
"154","EACH","لكل منها","review","review","1","0","1","0","Suitable headword; no existing equivalent certified with high confidence in this batch."
"155","LINKS","روابط","review","approved","5","5","0","0","Suitable general vocabulary with at least one high-confidence approved MSA equivalent."
"156","SHE","هي.","review","approved","2","1","1","0","Suitable general vocabulary with at least one high-confidence approved MSA equivalent."
"157","REVIEW","الاستعراض","review","approved","4","4","0","0","Suitable general vocabulary with at least one high-confidence approved MSA equivalent."
"158","YEARS","سنوات","review","approved","5","4","1","0","Suitable general vocabulary with at least one high-confidence approved MSA equivalent."
"159","ORDER","ترتيب","review","approved","5","4","1","0","Suitable general vocabulary with at least one high-confidence approved MSA equivalent."
"160","VERY","جدا","review","approved","1","1","0","0","Suitable general vocabulary with at least one high-confidence approved MSA equivalent."
"161","PRIVACY","الخصوصية","review","approved","2","2","0","0","Suitable general vocabulary with at least one high-confidence approved MSA equivalent."
"162","BOOK","الكتاب","review","approved","2","2","0","0","Suitable general vocabulary with at least one high-confidence approved MSA equivalent."
"163","ITEMS","البنود","review","approved","5","4","1","0","Suitable general vocabulary with at least one high-confidence approved MSA equivalent."
"164","COMPANY","الشركة","review","approved","4","3","1","0","Suitable general vocabulary with at least one high-confidence approved MSA equivalent."
"165","READ","قراءة","review","review","5","0","5","0","Suitable headword; no existing equivalent certified with high confidence in this batch."
"166","GROUP","المجموعة","review","approved","2","2","0","0","Suitable general vocabulary with at least one high-confidence approved MSA equivalent."
"168","NEED","حاجة","review","approved","2","2","0","0","Suitable general vocabulary with at least one high-confidence approved MSA equivalent."
"169","MANY","كثيرة","review","approved","6","4","2","0","Suitable general vocabulary with at least one high-confidence approved MSA equivalent."
"170","USER","المستخدم","review","approved","4","4","0","0","Suitable general vocabulary with at least one high-confidence approved MSA equivalent."
"171","SAID","قال","review","approved","3","2","1","0","Suitable general vocabulary with at least one high-confidence approved MSA equivalent."
"172","DOES","لا يفعل","review","review","1","0","0","1","Suitable headword; no existing equivalent certified with high confidence in this batch."
"173","SET","مجموعة","review","approved","3","3","0","0","Suitable general vocabulary with at least one high-confidence approved MSA equivalent."
"174","UNDER","تحت","review","approved","1","1","0","0","Suitable general vocabulary with at least one high-confidence approved MSA equivalent."
"175","GENERAL","عام","review","approved","6","4","2","0","Suitable general vocabulary with at least one high-confidence approved MSA equivalent."
"176","RESEARCH","البحوث","review","approved","6","4","2","0","Suitable general vocabulary with at least one high-confidence approved MSA equivalent."
"177","UNIVERSITY","الجامعة","review","approved","2","2","0","0","Suitable general vocabulary with at least one high-confidence approved MSA equivalent."
"178","JANUARY","يناير كانون الثاني","review","approved","2","1","1","0","Suitable general vocabulary with at least one high-confidence approved MSA equivalent."
"179","MAIL","البريد الإلكتروني","review","approved","3","3","0","0","Suitable general vocabulary with at least one high-confidence approved MSA equivalent."
"180","FULL","كامل","review","approved","4","3","1","0","Suitable general vocabulary with at least one high-confidence approved MSA equivalent."
"181","MAP","خريطة","review","approved","4","3","1","0","Suitable general vocabulary with at least one high-confidence approved MSA equivalent."
"182","REVIEWS","استعراض","review","approved","4","3","1","0","Suitable general vocabulary with at least one high-confidence approved MSA equivalent."
"183","PROGRAM","البرنامج","review","approved","2","2","0","0","Suitable general vocabulary with at least one high-confidence approved MSA equivalent."
"184","LIFE","حياته","review","approved","4","2","1","1","Suitable general vocabulary with at least one high-confidence approved MSA equivalent."
"185","KNOW","اعرف","review","approved","3","2","1","0","Suitable general vocabulary with at least one high-confidence approved MSA equivalent."
"186","GAMES","العاب","review","approved","4","2","2","0","Suitable general vocabulary with at least one high-confidence approved MSA equivalent."
"187","WAY","الطريقة","review","approved","4","3","1","0","Suitable general vocabulary with at least one high-confidence approved MSA equivalent."
"188","DAYS","أيام","review","approved","3","1","2","0","Suitable general vocabulary with at least one high-confidence approved MSA equivalent."
"189","MANAGEMENT","الإدارة","review","approved","3","1","2","0","Suitable general vocabulary with at least one high-confidence approved MSA equivalent."
"190","PART","جزء","review","approved","2","2","0","0","Suitable general vocabulary with at least one high-confidence approved MSA equivalent."
"191","COULD","يمكن","review","review","1","0","1","0","Suitable headword; no existing equivalent certified with high confidence in this batch."
"192","GREAT","عظيم","review","approved","3","3","0","0","Suitable general vocabulary with at least one high-confidence approved MSA equivalent."
"193","UNITED","المتحدة","review","approved","3","2","1","0","Suitable general vocabulary with at least one high-confidence approved MSA equivalent."
"194","HOTEL","فندق","review","approved","3","2","0","1","Suitable general vocabulary with at least one high-confidence approved MSA equivalent."
"195","REAL","حقيقي","review","approved","3","2","0","1","Suitable general vocabulary with at least one high-confidence approved MSA equivalent."
"196","ITEM","البند","review","approved","4","4","0","0","Suitable general vocabulary with at least one high-confidence approved MSA equivalent."
"197","INTERNATIONAL","الدولية","review","approved","4","4","0","0","Suitable general vocabulary with at least one high-confidence approved MSA equivalent."
"198","CENTER","المركز","review","approved","5","4","1","0","Suitable general vocabulary with at least one high-confidence approved MSA equivalent."
"200","MUST","يجب","review","approved","2","1","1","0","Suitable general vocabulary with at least one high-confidence approved MSA equivalent."
"201","STORE","متجر","review","approved","5","4","1","0","Suitable general vocabulary with at least one high-confidence approved MSA equivalent."
"202","TRAVEL","السفر","review","approved","2","2","0","0","Suitable general vocabulary with at least one high-confidence approved MSA equivalent."
"203","COMMENTS","تعليقات","review","approved","2","2","0","0","Suitable general vocabulary with at least one high-confidence approved MSA equivalent."
"204","MADE","مصنوع","review","approved","4","1","3","0","Suitable general vocabulary with at least one high-confidence approved MSA equivalent."
"205","DEVELOPMENT","التنمية","review","approved","3","3","0","0","Suitable general vocabulary with at least one high-confidence approved MSA equivalent."
"206","REPORT","التقرير","review","approved","4","3","1","0","Suitable general vocabulary with at least one high-confidence approved MSA equivalent."
"207","OFF","قبالة","review","approved","1","1","0","0","Suitable general vocabulary with at least one high-confidence approved MSA equivalent."
"208","MEMBER","عضو","review","approved","3","3","0","0","Suitable general vocabulary with at least one high-confidence approved MSA equivalent."
"209","DETAILS","التفاصيل","review","approved","3","2","0","1","Suitable general vocabulary with at least one high-confidence approved MSA equivalent."
"210","LINE","خط","review","approved","4","4","0","0","Suitable general vocabulary with at least one high-confidence approved MSA equivalent."
"211","TERMS","الشروط والأحكام","review","approved","4","3","1","0","Suitable general vocabulary with at least one high-confidence approved MSA equivalent."
"212","BEFORE","قبل","review","approved","1","1","0","0","Suitable general vocabulary with at least one high-confidence approved MSA equivalent."
"213","HOTELS","فنادق","review","approved","2","2","0","0","Suitable general vocabulary with at least one high-confidence approved MSA equivalent."
"215","SEND","ارسال","review","review","2","0","2","0","Suitable headword; no existing equivalent certified with high confidence in this batch."
"216","RIGHT","يمين","review","approved","5","4","1","0","Suitable general vocabulary with at least one high-confidence approved MSA equivalent."
"217","TYPE","النوع","review","approved","2","2","0","0","Suitable general vocabulary with at least one high-confidence approved MSA equivalent."
"219","LOCAL","محلي","review","approved","5","4","1","0","Suitable general vocabulary with at least one high-confidence approved MSA equivalent."
"220","THOSE","هؤلاء","review","review","2","0","2","0","Suitable headword; no existing equivalent certified with high confidence in this batch."
"221","USING","استخدام","review","approved","4","2","2","0","Suitable general vocabulary with at least one high-confidence approved MSA equivalent."
"222","RESULTS","النتائج","review","approved","2","2","0","0","Suitable general vocabulary with at least one high-confidence approved MSA equivalent."
"223","OFFICE","مكتب","review","approved","3","3","0","0","Suitable general vocabulary with at least one high-confidence approved MSA equivalent."
"224","EDUCATION","التعليم","review","approved","3","3","0","0","Suitable general vocabulary with at least one high-confidence approved MSA equivalent."
"225","NATIONAL","وطني","review","approved","4","3","0","1","Suitable general vocabulary with at least one high-confidence approved MSA equivalent."
"226","CAR","سيارة","review","approved","2","2","0","0","Suitable general vocabulary with at least one high-confidence approved MSA equivalent."
"227","DESIGN","تصميم","review","approved","2","2","0","0","Suitable general vocabulary with at least one high-confidence approved MSA equivalent."
"228","TAKE","خذ","review","approved","2","1","1","0","Suitable general vocabulary with at least one high-confidence approved MSA equivalent."
"229","POSTED","منشورة","review","approved","3","1","2","0","Suitable general vocabulary with at least one high-confidence approved MSA equivalent."
"230","INTERNET","الإنترنت","review","approved","3","1","2","0","Suitable general vocabulary with at least one high-confidence approved MSA equivalent."
"231","ADDRESS","العنوان","review","approved","2","2","0","0","Suitable general vocabulary with at least one high-confidence approved MSA equivalent."
"232","COMMUNITY","المجتمع","review","approved","3","3","0","0","Suitable general vocabulary with at least one high-confidence approved MSA equivalent."
"233","WITHIN","داخل","review","approved","2","2","0","0","Suitable general vocabulary with at least one high-confidence approved MSA equivalent."
"234","STATES","الدول","review","approved","3","3","0","0","Suitable general vocabulary with at least one high-confidence approved MSA equivalent."
"235","AREA","المنطقة","review","approved","4","4","0","0","Suitable general vocabulary with at least one high-confidence approved MSA equivalent."
"236","WANT","تريد","review","review","2","0","2","0","Suitable headword; no existing equivalent certified with high confidence in this batch."
"237","PHONE","الهاتف","review","approved","3","2","1","0","Suitable general vocabulary with at least one high-confidence approved MSA equivalent."
"238","SHIPPING","الشحن","review","approved","2","2","0","0","Suitable general vocabulary with at least one high-confidence approved MSA equivalent."
"239","RESERVED","محجوز","review","approved","3","3","0","0","Suitable general vocabulary with at least one high-confidence approved MSA equivalent."
"240","SUBJECT","الموضوع","review","approved","1","1","0","0","Suitable general vocabulary with at least one high-confidence approved MSA equivalent."
"241","BETWEEN","بين","review","approved","1","1","0","0","Suitable general vocabulary with at least one high-confidence approved MSA equivalent."
"242","FORUM","المنتدى","review","approved","5","5","0","0","Suitable general vocabulary with at least one high-confidence approved MSA equivalent."
"243","FAMILY","الأسرة","review","approved","6","3","2","1","Suitable general vocabulary with at least one high-confidence approved MSA equivalent."
"244","LONG","طويل","review","approved","5","3","1","1","Suitable general vocabulary with at least one high-confidence approved MSA equivalent."
"245","BASED","على أساس","review","review","2","0","2","0","Suitable headword; no existing equivalent certified with high confidence in this batch."
"246","CODE","الكود","review","approved","5","3","2","0","Suitable general vocabulary with at least one high-confidence approved MSA equivalent."
"247","SHOW","عرض","review","approved","5","3","2","0","Suitable general vocabulary with at least one high-confidence approved MSA equivalent."
"248","EVEN","حتى","review","approved","2","1","1","0","Suitable general vocabulary with at least one high-confidence approved MSA equivalent."
"249","BLACK","أسود","review","approved","5","2","3","0","Suitable general vocabulary with at least one high-confidence approved MSA equivalent."
"250","CHECK","تحقق","review","approved","4","4","0","0","Suitable general vocabulary with at least one high-confidence approved MSA equivalent."
"251","SPECIAL","خاص","review","approved","4","4","0","0","Suitable general vocabulary with at least one high-confidence approved MSA equivalent."
"252","PRICES","الأسعار","review","approved","3","1","2","0","Suitable general vocabulary with at least one high-confidence approved MSA equivalent."
"253","WEBSITE","الموقع الشبكي","review","approved","1","1","0","0","Suitable general vocabulary with at least one high-confidence approved MSA equivalent."
"254","INDEX","الفهرس","review","approved","3","3","0","0","Suitable general vocabulary with at least one high-confidence approved MSA equivalent."
"255","BEING","يجري","review","review","2","0","2","0","Suitable headword; no existing equivalent certified with high confidence in this batch."
"256","WOMEN","النساء","review","approved","3","2","0","1","Suitable general vocabulary with at least one high-confidence approved MSA equivalent."
"257","MUCH","الكثير","review","approved","2","1","0","1","Suitable general vocabulary with at least one high-confidence approved MSA equivalent."
"258","SIGN","علامة","review","approved","5","2","2","1","Suitable general vocabulary with at least one high-confidence approved MSA equivalent."
"259","FILE","ملف","review","approved","2","2","0","0","Suitable general vocabulary with at least one high-confidence approved MSA equivalent."
"260","LINK","رابط","review","approved","5","4","1","0","Suitable general vocabulary with at least one high-confidence approved MSA equivalent."
"261","OPEN","مفتوح","review","approved","4","3","1","0","Suitable general vocabulary with at least one high-confidence approved MSA equivalent."
"262","TODAY","اليوم","review","approved","1","1","0","0","Suitable general vocabulary with at least one high-confidence approved MSA equivalent."
"263","TECHNOLOGY","التكنولوجيا","review","approved","4","4","0","0","Suitable general vocabulary with at least one high-confidence approved MSA equivalent."
"264","SOUTH","الجنوب","review","approved","5","2","2","1","Suitable general vocabulary with at least one high-confidence approved MSA equivalent."
"265","CASE","القضية","review","approved","5","4","1","0","Suitable general vocabulary with at least one high-confidence approved MSA equivalent."
"266","PROJECT","مشروع","review","approved","2","2","0","0","Suitable general vocabulary with at least one high-confidence approved MSA equivalent."
"267","SAME","نفس الشيء","review","approved","3","1","2","0","Suitable general vocabulary with at least one high-confidence approved MSA equivalent."
"268","PAGES","صفحات","review","approved","2","2","0","0","Suitable general vocabulary with at least one high-confidence approved MSA equivalent."
"269","VERSION","النسخة","review","approved","3","1","2","0","Suitable general vocabulary with at least one high-confidence approved MSA equivalent."
"270","SECTION","الباب","review","approved","4","4","0","0","Suitable general vocabulary with at least one high-confidence approved MSA equivalent."
"271","OWN","الخاصة بك","review","approved","2","1","0","1","Suitable general vocabulary with at least one high-confidence approved MSA equivalent."
"272","FOUND","وجدت","review","review","3","0","3","0","Suitable headword; no existing equivalent certified with high confidence in this batch."
"273","SPORTS","الرياضات","review","approved","3","3","0","0","Suitable general vocabulary with at least one high-confidence approved MSA equivalent."
"274","HOUSE","منزل","review","approved","4","3","0","1","Suitable general vocabulary with at least one high-confidence approved MSA equivalent."
"275","RELATED","ذات صلة","review","approved","1","1","0","0","Suitable general vocabulary with at least one high-confidence approved MSA equivalent."
"276","SECURITY","الأمن","review","approved","3","1","2","0","Suitable general vocabulary with at least one high-confidence approved MSA equivalent."
"277","BOTH","كلاهما","review","approved","1","1","0","0","Suitable general vocabulary with at least one high-confidence approved MSA equivalent."
"278","COUNTY","مقاطعة","review","approved","2","2","0","0","Suitable general vocabulary with at least one high-confidence approved MSA equivalent."
"279","AMERICAN","الأمريكية","review","approved","5","1","4","0","Suitable general vocabulary with at least one high-confidence approved MSA equivalent."
"280","PHOTO","الصورة","review","approved","2","2","0","0","Suitable general vocabulary with at least one high-confidence approved MSA equivalent."
"281","GAME","لعبة","review","approved","4","4","0","0","Suitable general vocabulary with at least one high-confidence approved MSA equivalent."
"282","MEMBERS","الأعضاء","review","approved","3","1","2","0","Suitable general vocabulary with at least one high-confidence approved MSA equivalent."
"283","POWER","قوة","review","approved","5","5","0","0","Suitable general vocabulary with at least one high-confidence approved MSA equivalent."
"284","WHILE","بينما","review","approved","1","1","0","0","Suitable general vocabulary with at least one high-confidence approved MSA equivalent."
"285","CARE","الرعاية","review","approved","5","5","0","0","Suitable general vocabulary with at least one high-confidence approved MSA equivalent."
"286","NETWORK","شبكة","review","approved","2","2","0","0","Suitable general vocabulary with at least one high-confidence approved MSA equivalent."
"287","DOWN","أسفل","review","approved","2","1","1","0","Suitable general vocabulary with at least one high-confidence approved MSA equivalent."
"288","COMPUTER","الكمبيوتر","review","approved","5","5","0","0","Suitable general vocabulary with at least one high-confidence approved MSA equivalent."
"289","SYSTEMS","أنظمة","review","approved","5","3","2","0","Suitable general vocabulary with at least one high-confidence approved MSA equivalent."
"290","THREE","ثلاثة","review","approved","3","2","1","0","Suitable general vocabulary with at least one high-confidence approved MSA equivalent."
"291","TOTAL","المجموع","review","approved","4","2","2","0","Suitable general vocabulary with at least one high-confidence approved MSA equivalent."
"292","PLACE","مكان","review","approved","2","2","0","0","Suitable general vocabulary with at least one high-confidence approved MSA equivalent."
"293","END","النهاية","review","approved","2","2","0","0","Suitable general vocabulary with at least one high-confidence approved MSA equivalent."
"294","FOLLOWING","تابع","review","review","1","0","1","0","Suitable headword; no existing equivalent certified with high confidence in this batch."
"295","DOWNLOAD","تحميل","review","approved","4","2","2","0","Suitable general vocabulary with at least one high-confidence approved MSA equivalent."
"296","HIM","هو","review","review","2","0","2","0","Suitable headword; no existing equivalent certified with high confidence in this batch."
"297","WITHOUT","بدون","review","approved","1","1","0","0","Suitable general vocabulary with at least one high-confidence approved MSA equivalent."
"298","ACCESS","الوصول","review","approved","2","2","0","0","Suitable general vocabulary with at least one high-confidence approved MSA equivalent."
"299","THINK","فكر","review","approved","2","2","0","0","Suitable general vocabulary with at least one high-confidence approved MSA equivalent."
"300","NORTH","الشمال","review","approved","5","2","2","1","Suitable general vocabulary with at least one high-confidence approved MSA equivalent."
"301","RESOURCES","الموارد","review","approved","2","2","0","0","Suitable general vocabulary with at least one high-confidence approved MSA equivalent."
"302","CURRENT","الحالي","review","approved","3","3","0","0","Suitable general vocabulary with at least one high-confidence approved MSA equivalent."
"303","POSTS","الوظائف","review","approved","4","4","0","0","Suitable general vocabulary with at least one high-confidence approved MSA equivalent."
"304","BIG","كبير","review","approved","4","3","1","0","Suitable general vocabulary with at least one high-confidence approved MSA equivalent."
"305","MEDIA","وسائط الإعلام","review","approved","3","1","2","0","Suitable general vocabulary with at least one high-confidence approved MSA equivalent."
"306","LAW","القانون","review","approved","2","2","0","0","Suitable general vocabulary with at least one high-confidence approved MSA equivalent."
"307","CONTROL","التحكم","review","approved","4","4","0","0","Suitable general vocabulary with at least one high-confidence approved MSA equivalent."
"308","WATER","المياه","review","approved","4","4","0","0","Suitable general vocabulary with at least one high-confidence approved MSA equivalent."
"309","HISTORY","التاريخ","review","approved","2","2","0","0","Suitable general vocabulary with at least one high-confidence approved MSA equivalent."
"310","PICTURES","الصور","review","approved","2","2","0","0","Suitable general vocabulary with at least one high-confidence approved MSA equivalent."
"311","SIZE","الحجم","review","approved","3","3","0","0","Suitable general vocabulary with at least one high-confidence approved MSA equivalent."
"312","ART","الفن","review","approved","3","2","0","1","Suitable general vocabulary with at least one high-confidence approved MSA equivalent."
"313","PERSONAL","البيانات الشخصية","review","approved","4","2","1","1","Suitable general vocabulary with at least one high-confidence approved MSA equivalent."
"314","SINCE","منذ","review","approved","2","1","1","0","Suitable general vocabulary with at least one high-confidence approved MSA equivalent."
"315","INCLUDING","بما فيها","review","approved","1","1","0","0","Suitable general vocabulary with at least one high-confidence approved MSA equivalent."
"316","GUIDE","دليل","review","approved","5","4","1","0","Suitable general vocabulary with at least one high-confidence approved MSA equivalent."
"317","SHOP","متجر","review","approved","5","2","3","0","Suitable general vocabulary with at least one high-confidence approved MSA equivalent."
"318","DIRECTORY","الدليل","review","approved","2","2","0","0","Suitable general vocabulary with at least one high-confidence approved MSA equivalent."
"319","BOARD","مجلس الإدارة","review","approved","3","3","0","0","Suitable general vocabulary with at least one high-confidence approved MSA equivalent."
"320","LOCATION","الموقع","review","approved","3","3","0","0","Suitable general vocabulary with at least one high-confidence approved MSA equivalent."
"321","CHANGE","التغيير","review","approved","5","4","1","0","Suitable general vocabulary with at least one high-confidence approved MSA equivalent."
"322","WHITE","أبيض","review","approved","5","2","3","0","Suitable general vocabulary with at least one high-confidence approved MSA equivalent."
"323","TEXT","نص","review","approved","3","2","0","1","Suitable general vocabulary with at least one high-confidence approved MSA equivalent."
"324","SMALL","صغير","review","approved","4","2","2","0","Suitable general vocabulary with at least one high-confidence approved MSA equivalent."
"325","RATING","التقييم","review","approved","4","4","0","0","Suitable general vocabulary with at least one high-confidence approved MSA equivalent."
"326","RATE","المعدل","review","approved","2","2","0","0","Suitable general vocabulary with at least one high-confidence approved MSA equivalent."
"327","GOVERNMENT","الحكومة","review","approved","3","2","0","1","Suitable general vocabulary with at least one high-confidence approved MSA equivalent."
"328","CHILDREN","الأطفال","review","approved","3","1","2","0","Suitable general vocabulary with at least one high-confidence approved MSA equivalent."
"329","DURING","خلال","review","approved","2","1","1","0","Suitable general vocabulary with at least one high-confidence approved MSA equivalent."
"331","RETURN","العودة","review","approved","2","2","0","0","Suitable general vocabulary with at least one high-confidence approved MSA equivalent."
"332","STUDENTS","الطلاب","review","approved","5","5","0","0","Suitable general vocabulary with at least one high-confidence approved MSA equivalent."
"333","SHOPPING","التسوق","review","approved","3","2","1","0","Suitable general vocabulary with at least one high-confidence approved MSA equivalent."
"334","ACCOUNT","الحساب","review","approved","2","2","0","0","Suitable general vocabulary with at least one high-confidence approved MSA equivalent."
"335","TIMES","مرات","review","approved","6","2","4","0","Suitable general vocabulary with at least one high-confidence approved MSA equivalent."
"336","SITES","المواقع","review","approved","2","2","0","0","Suitable general vocabulary with at least one high-confidence approved MSA equivalent."
"337","LEVEL","الرتبة","review","approved","3","2","1","0","Suitable general vocabulary with at least one high-confidence approved MSA equivalent."
"338","DIGITAL","الرقمية","review","approved","3","3","0","0","Suitable general vocabulary with at least one high-confidence approved MSA equivalent."
"339","PROFILE","الملف الشخصي","review","approved","2","1","0","1","Suitable general vocabulary with at least one high-confidence approved MSA equivalent."
"340","PREVIOUS","السابق","review","approved","4","4","0","0","Suitable general vocabulary with at least one high-confidence approved MSA equivalent."
"341","FORM","الشكل","review","approved","4","4","0","0","Suitable general vocabulary with at least one high-confidence approved MSA equivalent."
"342","EVENTS","الأحداث","review","approved","6","4","2","0","Suitable general vocabulary with at least one high-confidence approved MSA equivalent."
"343","LOVE","الحب","review","approved","4","3","1","0","Suitable general vocabulary with at least one high-confidence approved MSA equivalent."
"344","OLD","قديم","review","approved","5","4","1","0","Suitable general vocabulary with at least one high-confidence approved MSA equivalent."
"346","MAIN","الرئيسية","review","approved","2","2","0","0","Suitable general vocabulary with at least one high-confidence approved MSA equivalent."
"347","CALL","نداء","review","approved","4","4","0","0","Suitable general vocabulary with at least one high-confidence approved MSA equivalent."
"348","HOURS","ساعات","review","approved","2","2","0","0","Suitable general vocabulary with at least one high-confidence approved MSA equivalent."
"349","IMAGE","صورة","review","approved","2","2","0","0","Suitable general vocabulary with at least one high-confidence approved MSA equivalent."
"350","DEPARTMENT","القسم","review","approved","3","2","1","0","Suitable general vocabulary with at least one high-confidence approved MSA equivalent."
"351","TITLE","العنوان","review","approved","3","3","0","0","Suitable general vocabulary with at least one high-confidence approved MSA equivalent."
"352","DESCRIPTION","الوصف","review","approved","2","2","0","0","Suitable general vocabulary with at least one high-confidence approved MSA equivalent."
"353","INSURANCE","التأمين","review","approved","3","1","2","0","Suitable general vocabulary with at least one high-confidence approved MSA equivalent."
"354","ANOTHER","آخر","review","approved","3","1","2","0","Suitable general vocabulary with at least one high-confidence approved MSA equivalent."
"356","SHALL","سوف:","review","review","1","0","1","0","Suitable headword; no existing equivalent certified with high confidence in this batch."
"357","PROPERTY","الممتلكات","review","approved","4","4","0","0","Suitable general vocabulary with at least one high-confidence approved MSA equivalent."
"358","CLASS","فئة","review","approved","6","6","0","0","Suitable general vocabulary with at least one high-confidence approved MSA equivalent."
"359","STILL","لا يزال","review","approved","2","1","0","1","Suitable general vocabulary with at least one high-confidence approved MSA equivalent."
"360","MONEY","المال","review","approved","5","3","2","0","Suitable general vocabulary with at least one high-confidence approved MSA equivalent."
"361","QUALITY","الجودة","review","approved","3","3","0","0","Suitable general vocabulary with at least one high-confidence approved MSA equivalent."
"362","EVERY","كل واحد","review","approved","1","1","0","0","Suitable general vocabulary with at least one high-confidence approved MSA equivalent."
"363","LISTING","القائمة","review","approved","1","1","0","0","Suitable general vocabulary with at least one high-confidence approved MSA equivalent."
"364","CONTENT","المحتوى","review","approved","4","4","0","0","Suitable general vocabulary with at least one high-confidence approved MSA equivalent."
"365","COUNTRY","البلد","review","approved","4","4","0","0","Suitable general vocabulary with at least one high-confidence approved MSA equivalent."
"366","PRIVATE","القطاع الخاص","review","approved","5","4","0","1","Suitable general vocabulary with at least one high-confidence approved MSA equivalent."
"367","LITTLE","القليل","review","approved","3","3","0","0","Suitable general vocabulary with at least one high-confidence approved MSA equivalent."
"368","VISIT","زيارة","review","approved","3","2","1","0","Suitable general vocabulary with at least one high-confidence approved MSA equivalent."
"369","SAVE","احفظ","review","approved","4","2","2","0","Suitable general vocabulary with at least one high-confidence approved MSA equivalent."
"370","TOOLS","أدوات","review","approved","3","1","2","0","Suitable general vocabulary with at least one high-confidence approved MSA equivalent."
"371","LOW","منخفض","review","approved","4","2","2","0","Suitable general vocabulary with at least one high-confidence approved MSA equivalent."
"372","REPLY","الرد","review","approved","2","2","0","0","Suitable general vocabulary with at least one high-confidence approved MSA equivalent."
"373","CUSTOMER","العملاء","review","approved","3","2","0","1","Suitable general vocabulary with at least one high-confidence approved MSA equivalent."
"374","DECEMBER","ديسمبر كانون الأول","review","approved","2","1","1","0","Suitable general vocabulary with at least one high-confidence approved MSA equivalent."
"375","COMPARE","مقارنة","review","approved","3","1","2","0","Suitable general vocabulary with at least one high-confidence approved MSA equivalent."
"376","MOVIES","أفلام","review","approved","3","1","2","0","Suitable general vocabulary with at least one high-confidence approved MSA equivalent."
"377","INCLUDE","تشمل","review","approved","2","1","1","0","Suitable general vocabulary with at least one high-confidence approved MSA equivalent."
"378","COLLEGE","كلية","review","approved","3","2","0","1","Suitable general vocabulary with at least one high-confidence approved MSA equivalent."
"379","VALUE","القيمة","review","approved","2","2","0","0","Suitable general vocabulary with at least one high-confidence approved MSA equivalent."
"380","ARTICLE","مقالة","review","approved","4","4","0","0","Suitable general vocabulary with at least one high-confidence approved MSA equivalent."
"382","MAN","رجل","review","approved","3","2","0","1","Suitable general vocabulary with at least one high-confidence approved MSA equivalent."
"383","CARD","بطاقة","review","approved","4","2","2","0","Suitable general vocabulary with at least one high-confidence approved MSA equivalent."
"384","JOBS","وظائف","review","approved","2","2","0","0","Suitable general vocabulary with at least one high-confidence approved MSA equivalent."
"385","PROVIDE","توفير","review","approved","2","1","1","0","Suitable general vocabulary with at least one high-confidence approved MSA equivalent."
"386","FOOD","الأغذية","review","approved","5","5","0","0","Suitable general vocabulary with at least one high-confidence approved MSA equivalent."
"387","SOURCE","المصدر","review","approved","2","2","0","0","Suitable general vocabulary with at least one high-confidence approved MSA equivalent."
"388","AUTHOR","المؤلف","review","approved","4","4","0","0","Suitable general vocabulary with at least one high-confidence approved MSA equivalent."
"389","DIFFERENT","مختلف","review","approved","4","2","2","0","Suitable general vocabulary with at least one high-confidence approved MSA equivalent."
"390","PRESS","صحافة","review","approved","3","3","0","0","Suitable general vocabulary with at least one high-confidence approved MSA equivalent."
"391","LEARN","تعلم","review","approved","5","4","1","0","Suitable general vocabulary with at least one high-confidence approved MSA equivalent."
"392","SALE","بيع","review","approved","3","3","0","0","Suitable general vocabulary with at least one high-confidence approved MSA equivalent."
"393","AROUND","حول","review","approved","3","1","1","1","Suitable general vocabulary with at least one high-confidence approved MSA equivalent."
"394","PRINT","طباعة","review","approved","3","3","0","0","Suitable general vocabulary with at least one high-confidence approved MSA equivalent."
"395","COURSE","بالطبع","review","review","1","0","0","1","Suitable headword; no existing equivalent certified with high confidence in this batch."
"396","JOB","الوظيفة","review","approved","5","5","0","0","Suitable general vocabulary with at least one high-confidence approved MSA equivalent."
"398","PROCESS","عملية","review","approved","2","2","0","0","Suitable general vocabulary with at least one high-confidence approved MSA equivalent."
"399","TEEN","مراهق","review","approved","2","2","0","0","Suitable general vocabulary with at least one high-confidence approved MSA equivalent."
"400","ROOM","غرفة","review","approved","3","3","0","0","Suitable general vocabulary with at least one high-confidence approved MSA equivalent."
"401","STOCK","المخزون","review","approved","2","2","0","0","Suitable general vocabulary with at least one high-confidence approved MSA equivalent."
"402","TRAINING","التدريب","review","approved","2","2","0","0","Suitable general vocabulary with at least one high-confidence approved MSA equivalent."
"403","TOO","أيضا","review","approved","2","1","1","0","Suitable general vocabulary with at least one high-confidence approved MSA equivalent."
"404","CREDIT","الائتمان","review","approved","3","3","0","0","Suitable general vocabulary with at least one high-confidence approved MSA equivalent."
"405","POINT","النقطة","review","approved","3","2","0","1","Suitable general vocabulary with at least one high-confidence approved MSA equivalent."
"406","JOIN","انضم","review","approved","4","2","2","0","Suitable general vocabulary with at least one high-confidence approved MSA equivalent."
"407","SCIENCE","العلوم","review","approved","3","3","0","0","Suitable general vocabulary with at least one high-confidence approved MSA equivalent."
"408","MEN","الرجال","review","approved","2","2","0","0","Suitable general vocabulary with at least one high-confidence approved MSA equivalent."
"409","CATEGORIES","الفئات","review","approved","3","2","1","0","Suitable general vocabulary with at least one high-confidence approved MSA equivalent."
"410","ADVANCED","متقدم","review","approved","4","4","0","0","Suitable general vocabulary with at least one high-confidence approved MSA equivalent."
"411","WEST","غربا","review","approved","5","2","2","1","Suitable general vocabulary with at least one high-confidence approved MSA equivalent."
"412","SALES","المبيعات","review","approved","3","2","0","1","Suitable general vocabulary with at least one high-confidence approved MSA equivalent."
"413","LOOK","نظرة","review","approved","4","4","0","0","Suitable general vocabulary with at least one high-confidence approved MSA equivalent."
"414","ENGLISH","العربية","review","review","6","0","5","1","Suitable headword; no existing equivalent certified with high confidence in this batch."
"415","LEFT","يسار","review","approved","2","2","0","0","Suitable general vocabulary with at least one high-confidence approved MSA equivalent."
"416","TEAM","الفريق","review","approved","2","2","0","0","Suitable general vocabulary with at least one high-confidence approved MSA equivalent."
"417","ESTATE","العقارات","review","approved","3","2","1","0","Suitable general vocabulary with at least one high-confidence approved MSA equivalent."
"419","CONDITIONS","الشروط","review","approved","5","4","1","0","Suitable general vocabulary with at least one high-confidence approved MSA equivalent."
"420","SELECT","اختر","review","approved","3","2","1","0","Suitable general vocabulary with at least one high-confidence approved MSA equivalent."
"422","PHOTOS","الصور","review","approved","2","2","0","0","Suitable general vocabulary with at least one high-confidence approved MSA equivalent."
"424","THREAD","موضوع","review","approved","3","3","0","0","Suitable general vocabulary with at least one high-confidence approved MSA equivalent."
"425","WEEK","الأسبوع","review","approved","4","1","3","0","Suitable general vocabulary with at least one high-confidence approved MSA equivalent."
"426","CATEGORY","الفئة","review","approved","2","2","0","0","Suitable general vocabulary with at least one high-confidence approved MSA equivalent."
"427","NOTE","ملاحظة","review","approved","3","3","0","0","Suitable general vocabulary with at least one high-confidence approved MSA equivalent."
"428","LIVE","بث مباشر","review","approved","7","4","3","0","Suitable general vocabulary with at least one high-confidence approved MSA equivalent."
"429","LARGE","كبير","review","approved","2","2","0","0","Suitable general vocabulary with at least one high-confidence approved MSA equivalent."
"430","GALLERY","معرض الصور","review","approved","3","2","0","1","Suitable general vocabulary with at least one high-confidence approved MSA equivalent."
"431","TABLE","الجدول","review","approved","3","3","0","0","Suitable general vocabulary with at least one high-confidence approved MSA equivalent."
"432","REGISTER","التسجيل","review","approved","4","3","1","0","Suitable general vocabulary with at least one high-confidence approved MSA equivalent."
"433","HOWEVER","ومع ذلك","review","approved","1","1","0","0","Suitable general vocabulary with at least one high-confidence approved MSA equivalent."
"434","JUNE","حزيران/يونيه","review","approved","3","2","1","0","Suitable general vocabulary with at least one high-confidence approved MSA equivalent."
"435","OCTOBER","أكتوبر / تشرين الأول","review","approved","3","2","1","0","Suitable general vocabulary with at least one high-confidence approved MSA equivalent."
"436","NOVEMBER","نوفمبر تشرين الثاني","review","approved","2","1","1","0","Suitable general vocabulary with at least one high-confidence approved MSA equivalent."
"437","MARKET","السوق","review","approved","2","2","0","0","Suitable general vocabulary with at least one high-confidence approved MSA equivalent."
"438","LIBRARY","المكتبة العامة","review","approved","3","2","0","1","Suitable general vocabulary with at least one high-confidence approved MSA equivalent."
"440","ACTION","الإجراء المتخذ","review","review","6","0","5","1","Suitable headword; no existing equivalent certified with high confidence in this batch."
"441","START","ابدأ","review","approved","4","4","0","0","Suitable general vocabulary with at least one high-confidence approved MSA equivalent."
"442","SERIES","سلسلة","review","approved","4","3","1","0","Suitable general vocabulary with at least one high-confidence approved MSA equivalent."
"443","MODEL","نموذج","review","approved","5","3","2","0","Suitable general vocabulary with at least one high-confidence approved MSA equivalent."
"444","FEATURES","المميزات","review","approved","6","6","0","0","Suitable general vocabulary with at least one high-confidence approved MSA equivalent."
"445","AIR","الهواء","review","approved","2","2","0","0","Suitable general vocabulary with at least one high-confidence approved MSA equivalent."
"446","INDUSTRY","الصناعة","review","approved","2","2","0","0","Suitable general vocabulary with at least one high-confidence approved MSA equivalent."
"447","PLAN","الخطة","review","approved","2","2","0","0","Suitable general vocabulary with at least one high-confidence approved MSA equivalent."
"448","HUMAN","الإنسان","review","approved","5","3","2","0","Suitable general vocabulary with at least one high-confidence approved MSA equivalent."
"449","PROVIDED","المقدمة","review","review","2","0","2","0","Suitable headword; no existing equivalent certified with high confidence in this batch."
"450","YES","نعم فعلا","review","approved","5","2","3","0","Suitable general vocabulary with at least one high-confidence approved MSA equivalent."
"451","REQUIRED","مطلوب","review","approved","4","4","0","0","Suitable general vocabulary with at least one high-confidence approved MSA equivalent."
"452","SECOND","الثانية","review","approved","6","3","2","1","Suitable general vocabulary with at least one high-confidence approved MSA equivalent."
"453","HOT","حار","review","approved","4","4","0","0","Suitable general vocabulary with at least one high-confidence approved MSA equivalent."
"454","ACCESSORIES","إكسسوارات","review","approved","3","3","0","0","Suitable general vocabulary with at least one high-confidence approved MSA equivalent."
"455","COST","التكلفة","review","approved","4","3","0","1","Suitable general vocabulary with at least one high-confidence approved MSA equivalent."
"456","MOVIE","فيلم","review","approved","3","3","0","0","Suitable general vocabulary with at least one high-confidence approved MSA equivalent."
"457","FORUMS","المنتديات","review","approved","4","4","0","0","Suitable general vocabulary with at least one high-confidence approved MSA equivalent."
"458","MARCH","مسيرة","review","approved","4","3","1","0","Suitable general vocabulary with at least one high-confidence approved MSA equivalent."
"459","SEPTEMBER","سبتمبر/أيلول","review","approved","3","2","1","0","Suitable general vocabulary with at least one high-confidence approved MSA equivalent."
"460","BETTER","أفضل","review","approved","3","1","2","0","Suitable general vocabulary with at least one high-confidence approved MSA equivalent."
"461","SAY","قولي","review","approved","5","3","2","0","Suitable general vocabulary with at least one high-confidence approved MSA equivalent."
"462","QUESTIONS","أسئلة","review","approved","3","1","2","0","Suitable general vocabulary with at least one high-confidence approved MSA equivalent."
"465","GOING","جاري التنفيذ","review","approved","4","3","0","1","Suitable general vocabulary with at least one high-confidence approved MSA equivalent."
"466","MEDICAL","الخدمات الطبية","review","approved","5","4","0","1","Suitable general vocabulary with at least one high-confidence approved MSA equivalent."
"468","FRIEND","صديق","review","approved","3","2","0","1","Suitable general vocabulary with at least one high-confidence approved MSA equivalent."
"469","COME","تعال","review","approved","4","3","1","0","Suitable general vocabulary with at least one high-confidence approved MSA equivalent."
"471","SERVER","خادوم","review","approved","3","3","0","0","Suitable general vocabulary with at least one high-confidence approved MSA equivalent."
"472","STUDY","دراسة","review","approved","3","3","0","0","Suitable general vocabulary with at least one high-confidence approved MSA equivalent."
"473","APPLICATION","التطبيق","review","approved","3","3","0","0","Suitable general vocabulary with at least one high-confidence approved MSA equivalent."
"474","CART","عربة التسوق","review","approved","3","2","0","1","Suitable general vocabulary with at least one high-confidence approved MSA equivalent."
"475","STAFF","الموظفون","review","approved","3","3","0","0","Suitable general vocabulary with at least one high-confidence approved MSA equivalent."
"476","ARTICLES","مقالات","review","approved","2","2","0","0","Suitable general vocabulary with at least one high-confidence approved MSA equivalent."
"478","FEEDBACK","ردود الفعل","review","approved","2","2","0","0","Suitable general vocabulary with at least one high-confidence approved MSA equivalent."
"479","AGAIN","مرة أخرى","review","approved","3","3","0","0","Suitable general vocabulary with at least one high-confidence approved MSA equivalent."
"480","PLAY","إلعب","review","approved","7","5","2","0","Suitable general vocabulary with at least one high-confidence approved MSA equivalent."
"481","LOOKING","يبحث","review","review","3","0","3","0","Suitable headword; no existing equivalent certified with high confidence in this batch."
"482","ISSUES","المسائل","review","approved","5","5","0","0","Suitable general vocabulary with at least one high-confidence approved MSA equivalent."
"483","APRIL","أبريل/نيسان","review","approved","3","2","1","0","Suitable general vocabulary with at least one high-confidence approved MSA equivalent."
"484","NEVER","أبداً","review","approved","2","1","1","0","Suitable general vocabulary with at least one high-confidence approved MSA equivalent."
"485","USERS","المستخدمون","review","approved","5","4","1","0","Suitable general vocabulary with at least one high-confidence approved MSA equivalent."
"486","COMPLETE","اكتمل","review","approved","3","2","1","0","Suitable general vocabulary with at least one high-confidence approved MSA equivalent."
"487","STREET","الشارع","review","approved","3","2","0","1","Suitable general vocabulary with at least one high-confidence approved MSA equivalent."
"488","TOPIC","الموضوع","review","approved","2","2","0","0","Suitable general vocabulary with at least one high-confidence approved MSA equivalent."
"489","COMMENT","التعليق","review","approved","3","3","0","0","Suitable general vocabulary with at least one high-confidence approved MSA equivalent."
"490","FINANCIAL","المالية","review","approved","3","3","0","0","Suitable general vocabulary with at least one high-confidence approved MSA equivalent."
"491","THINGS","أشياء","review","approved","5","1","4","0","Suitable general vocabulary with at least one high-confidence approved MSA equivalent."
"492","WORKING","العمل","review","approved","3","1","1","1","Suitable general vocabulary with at least one high-confidence approved MSA equivalent."
"493","AGAINST","ضد","review","approved","1","1","0","0","Suitable general vocabulary with at least one high-confidence approved MSA equivalent."
"494","STANDARD","معيار","review","approved","3","3","0","0","Suitable general vocabulary with at least one high-confidence approved MSA equivalent."
"495","TAX","الضريبة","review","approved","5","2","0","3","Suitable general vocabulary with at least one high-confidence approved MSA equivalent."
"496","PERSON","شخص","review","approved","2","2","0","0","Suitable general vocabulary with at least one high-confidence approved MSA equivalent."
"497","BELOW","أدناه","review","approved","3","2","1","0","Suitable general vocabulary with at least one high-confidence approved MSA equivalent."
"498","MOBILE","موبايل","review","approved","4","2","2","0","Suitable general vocabulary with at least one high-confidence approved MSA equivalent."
"499","LESS","أقل","review","approved","2","1","1","0","Suitable general vocabulary with at least one high-confidence approved MSA equivalent."
"500","GOT","حصلت عليه","review","review","2","0","2","0","Suitable headword; no existing equivalent certified with high confidence in this batch."
"501","BLOG","مدونة","review","approved","3","2","1","0","Suitable general vocabulary with at least one high-confidence approved MSA equivalent."
"502","PARTY","حزب","review","approved","5","5","0","0","Suitable general vocabulary with at least one high-confidence approved MSA equivalent."
"503","PAYMENT","الدفع","review","approved","5","5","0","0","Suitable general vocabulary with at least one high-confidence approved MSA equivalent."
"504","EQUIPMENT","المعدات","review","approved","2","2","0","0","Suitable general vocabulary with at least one high-confidence approved MSA equivalent."
"505","LOGIN","تسجيل الدخول","review","approved","1","1","0","0","Suitable general vocabulary with at least one high-confidence approved MSA equivalent."
"506","STUDENT","طالب","review","approved","5","5","0","0","Suitable general vocabulary with at least one high-confidence approved MSA equivalent."
"507","LET","دعونا","review","approved","3","1","1","1","Suitable general vocabulary with at least one high-confidence approved MSA equivalent."
"508","PROGRAMS","البرامج","review","approved","2","2","0","0","Suitable general vocabulary with at least one high-confidence approved MSA equivalent."
"509","OFFERS","العروض","review","approved","2","2","0","0","Suitable general vocabulary with at least one high-confidence approved MSA equivalent."
"510","LEGAL","قانوني","review","approved","3","3","0","0","Suitable general vocabulary with at least one high-confidence approved MSA equivalent."
"511","ABOVE","أعلاه","review","approved","2","1","1","0","Suitable general vocabulary with at least one high-confidence approved MSA equivalent."
"512","RECENT","الأخيرة","review","approved","2","1","0","1","Suitable general vocabulary with at least one high-confidence approved MSA equivalent."
"513","PARK","حديقة","review","approved","4","3","1","0","Suitable general vocabulary with at least one high-confidence approved MSA equivalent."
"514","STORES","المخازن","review","approved","5","5","0","0","Suitable general vocabulary with at least one high-confidence approved MSA equivalent."
"515","SIDE","الجانب","review","approved","3","3","0","0","Suitable general vocabulary with at least one high-confidence approved MSA equivalent."
"516","ACT","تصرف","review","approved","4","3","1","0","Suitable general vocabulary with at least one high-confidence approved MSA equivalent."
"517","PROBLEM","مشكلة","review","approved","3","3","0","0","Suitable general vocabulary with at least one high-confidence approved MSA equivalent."
"518","RED","أحمر","review","approved","4","2","2","0","Suitable general vocabulary with at least one high-confidence approved MSA equivalent."
"519","GIVE","إعطاء","review","review","3","0","3","0","Suitable headword; no existing equivalent certified with high confidence in this batch."
"520","MEMORY","الذاكرة","review","approved","4","4","0","0","Suitable general vocabulary with at least one high-confidence approved MSA equivalent."
"521","PERFORMANCE","الأداء","review","approved","3","1","2","0","Suitable general vocabulary with at least one high-confidence approved MSA equivalent."
"522","SOCIAL","الاجتماعية","review","approved","4","4","0","0","Suitable general vocabulary with at least one high-confidence approved MSA equivalent."
"523","AUGUST","أغسطس/آب","review","approved","4","2","2","0","Suitable general vocabulary with at least one high-confidence approved MSA equivalent."
"524","QUOTE","اقتباس","review","approved","3","3","0","0","Suitable general vocabulary with at least one high-confidence approved MSA equivalent."
"525","LANGUAGE","اللغة","review","approved","2","2","0","0","Suitable general vocabulary with at least one high-confidence approved MSA equivalent."
"526","STORY","القصة","review","approved","5","3","2","0","Suitable general vocabulary with at least one high-confidence approved MSA equivalent."
